lon,lat,label,ndvi_mean,ndvi_std,ndvi_min,ndvi_max,ndvi_range,ndvi_first,ndvi_last,overall_change,largest_drop,ndvi_slope,early_mean,late_mean,early_late_change,min_ndvi_timestep
-54.595477307397026,-3.641303363464666,deforested,0.5995973348617554,0.1501738071154911,0.3374508619308471,0.8707916140556335,0.5333407521247864,0.8707916140556335,0.5520526766777039,-0.3187389373779297,-0.09144151210784912,-0.017433375275653324,0.7252975553274155,0.4738971143960953,-0.2514004409313202,15
-54.571395228220226,-3.61574474798665,deforested,0.5060736226538817,0.1778969508653953,0.3032786846160888,0.8489544987678528,0.5456758141517639,0.844115674495697,0.506840169429779,-0.33727550506591797,-0.1478374600410462,-0.014908091542513451,0.5850231175621351,0.42712412774562836,-0.15789898981650674,8
-54.55802894699865,-3.5360814407233225,deforested,0.4957522638142109,0.23390121789692825,0.1469780206680297,0.87897127866745,0.7319932579994203,0.8670344948768616,0.5687304735183716,-0.29830402135849,-0.35610970854759216,-0.0002636539936065449,0.4442623083790143,0.5472422192494074,0.1029799108703931,8
-54.65190698836277,-3.637025474783924,deforested,0.6007106850544611,0.15885316643441297,0.395558625459671,0.8693776726722717,0.4738190472126007,0.8678720593452454,0.4161162376403808,-0.45175582170486456,-0.11453881859779358,-0.01982813389404957,0.7256304721037546,0.47579089800516766,-0.24983957409858698,13
-54.65675960341452,-3.6346661480960094,deforested,0.5793857102592787,0.19962719048773928,0.3141711354255676,0.889374852180481,0.5752037167549133,0.889374852180481,0.4217033088207245,-0.46767154335975647,-0.10652267932891846,-0.02634611420009446,0.7541562716166178,0.4046151489019394,-0.3495411227146784,18
-54.68435257323995,-3.5863106818834276,deforested,0.615591907252868,0.12992927018223455,0.3668047785758972,0.8273937106132507,0.4605889320373535,0.8273937106132507,0.5612903237342834,-0.2661033868789673,-0.1229962706565857,-0.012778512770714963,0.7076049695412318,0.5235788449645042,-0.1840261245767275,17
-54.6101608268263,-3.5685785797878293,deforested,0.5680739283561707,0.17026918362832338,0.3467462956905365,0.8762567639350891,0.5295104682445526,0.8762567639350891,0.4290565252304077,-0.4472002387046814,-0.29020410776138306,-0.02068647503852843,0.718953087925911,0.41719476878643036,-0.3017583191394806,18
-54.65902854827921,-3.6236861658039983,deforested,0.6714979857206345,0.10862786948070989,0.5161964297294617,0.8561689257621765,0.33997249603271484,0.8561689257621765,0.5566022396087646,-0.29956668615341187,-0.08745759725570679,-0.014053524214288437,0.7640808522701263,0.5789151191711426,-0.18516573309898376,17
-54.5547269039441,-3.5825362001801953,deforested,0.6586194261908531,0.11097021815266933,0.5224867463111877,0.9122847318649292,0.38979798555374146,0.8867706656455994,0.6199377179145813,-0.26683294773101807,-0.3328767418861389,-0.009894399098727991,0.7258206109205881,0.5914182414611181,-0.13440236945947004,15
-54.5940889318542,-3.64053688926101,deforested,0.5070127310852209,0.18555477404188084,0.2682072818279266,0.8957878351211548,0.6275805532932281,0.8957878351211548,0.4845656752586365,-0.4112221598625183,-0.1367219090461731,-0.018088032797626812,0.6176877642671267,0.39633769790331524,-0.22135006636381144,15
-54.65658822993901,-3.620537712350305,deforested,0.6531252364317576,0.11963136499386749,0.5494917035102844,0.8926108479499817,0.34311914443969727,0.8885500431060791,0.5546438097953796,-0.33390623331069946,-0.12984341382980347,-0.014675527500069629,0.742656742533048,0.5635937303304672,-0.1790630122025808,22
-54.73877632133348,-3.586408111780737,deforested,0.638621598482132,0.09456396602230692,0.5071004629135132,0.8610108494758606,0.3539103865623474,0.8610108494758606,0.5444839596748352,-0.3165268898010254,-0.08516395092010498,-0.011971712267917116,0.7103910247484843,0.5668521722157797,-0.1435388525327046,20
-54.70362463903826,-3.637788990675754,deforested,0.6223681606352329,0.098901836661993,0.4488188922405243,0.8492462038993835,0.40042731165885925,0.8492462038993835,0.5845410823822021,-0.2647051215171814,-0.14303743839263916,-0.00641956589792084,0.656999759376049,0.5877365618944168,-0.06926319748163223,6
-54.70019464229801,-3.536403445134578,deforested,0.6534607795377573,0.19715723041392866,0.2717306315898895,0.8747010827064514,0.6029704511165619,0.8747010827064514,0.2894590198993683,-0.5852420628070831,-0.17166545987129211,-0.02630445450544356,0.8215956290562948,0.4853259300192197,-0.3362696990370751,21
-54.65974148554049,-3.5900608927492628,deforested,0.5924170948565006,0.16364450276517126,0.3651551306247711,0.8951101899147034,0.5299550592899323,0.8777648210525513,0.5131228566169739,-0.3646419644355774,-0.2333068549633026,-0.018886543188406033,0.7049357866247495,0.47989840308825177,-0.22503738353649777,14
-54.650371115714655,-3.6193926049039247,deforested,0.4824045201142629,0.17148516168479658,0.3123462796211242,0.8526727557182312,0.5403264760971069,0.8526727557182312,0.4669617414474487,-0.3857110142707825,-0.16316354274749756,-0.016484641743742885,0.5762776707609495,0.3885313694675763,-0.18774630129337316,18
-54.66074226279377,-3.670748923450308,deforested,0.5875876906017462,0.2106367404235145,0.2032378017902374,0.8640984296798706,0.6608606278896332,0.8640984296798706,0.227600410580635,-0.6364980190992356,-0.08052754402160645,-0.026456851725992915,0.7431296606858572,0.43204572051763535,-0.31108394016822183,21
-54.63047349449035,-3.5234343833974417,deforested,0.6234756633639336,0.15275506077807963,0.4008952677249908,0.8351126909255981,0.43421742320060736,0.7821922898292542,0.4008952677249908,-0.38129702210426336,-0.14563354849815374,-0.01934635416321129,0.7655858844518661,0.481365442276001,-0.2842204421758652,23
-54.63015511436384,-3.505109329844626,deforested,0.5114846061915159,0.12368569459959011,0.2310772985219955,0.6625074148178101,0.43143011629581457,0.6491720676422119,0.2310772985219955,-0.4180947691202164,-0.22339859604835519,-0.015823532504879917,0.5977730030814806,0.42519620930155116,-0.17257679377992946,23
-54.61483179915509,-3.572992549620534,deforested,0.5320637077093124,0.14671169264947156,0.3833875358104706,0.8885630369186401,0.5051755011081696,0.8876532912254333,0.5639810562133789,-0.32367223501205444,-0.3029459118843079,-0.010343604450640458,0.5861630241076151,0.4779643913110097,-0.10819863279660541,18
-54.55641778487104,-3.694565684332872,deforested,0.6172432415187359,0.14011247119987474,0.3356778621673584,0.8712736964225769,0.5355958342552185,0.8712736964225769,0.5436318516731262,-0.3276418447494507,-0.1892414093017578,-0.014315834498923735,0.725337564945221,0.5091489180922508,-0.21618864685297012,13
-54.71044746693243,-3.5558519358470653,deforested,0.6375353919963042,0.1634779829043858,0.3227291703224182,0.8509492874145508,0.5282201170921326,0.8253157734870911,0.3227291703224182,-0.5025866031646729,-0.14956623315811157,-0.020562043384365392,0.7819508165121078,0.4931199674805005,-0.28883084903160733,23
-54.64232660683616,-3.5780810798661897,deforested,0.6678978701432546,0.17519280031523482,0.3290870487689972,0.8800628185272217,0.5509757697582245,0.8800628185272217,0.3290870487689972,-0.5509757697582245,-0.12551000714302063,-0.02237789980743241,0.8166541655858358,0.5191415747006735,-0.29751259088516235,23
-54.66097996145795,-3.5831537335690062,deforested,0.6242159393926462,0.19422585958396113,0.2898944318294525,0.8759936690330505,0.586099237203598,0.8649864792823792,0.3244338631629944,-0.5405526161193848,-0.28531065583229065,-0.02303147418343499,0.7871498167514801,0.4612820620338122,-0.3258677547176679,14
-54.72203072825024,-3.5385492184582024,deforested,0.5912807521720728,0.15009516551653246,0.42447629570961,0.865416407585144,0.44094011187553406,0.865416407585144,0.5322640538215637,-0.3331523537635803,-0.10758602619171143,-0.015481214147546978,0.6667419398824374,0.5158195644617081,-0.15092237542072928,8
-54.75109684820777,-3.634763782941376,deforested,0.6352832814057668,0.15155203884337237,0.3368025422096252,0.8575107455253601,0.5207082033157349,0.7829073667526245,0.5088548064231873,-0.27405256032943726,-0.25480169057846075,-0.011364396836446666,0.6830825284123421,0.5874840343991915,-0.09559849401315057,6
-54.63626362324279,-3.5695865304027787,deforested,0.455487114066879,0.25571521615365,0.1414868086576461,0.8949152827262878,0.7534284740686418,0.8949152827262878,0.5386037826538086,-0.35631150007247925,-0.16379627585411072,-0.018910117492727592,0.5635732573767503,0.3474009707570076,-0.21617228661974275,9
-54.58625888903368,-3.5484078055593207,deforested,0.6723999244471391,0.1701545722846648,0.3360253870487213,0.8936535120010376,0.5576281249523163,0.8884644508361816,0.5946082472801208,-0.2938562035560608,-0.2787288427352905,-0.018557139570298375,0.8102861493825912,0.5345136995116869,-0.2757724498709043,18
-54.55481057365907,-3.5101497600896265,deforested,0.6020372019459804,0.18039953010976395,0.1950617283582687,0.886725664138794,0.6916639357805252,0.886725664138794,0.553398072719574,-0.33332759141921997,-0.42246711254119873,-0.017060417850380344,0.6967375501990318,0.5073368536929289,-0.18940069650610292,17
-54.66324332088321,-3.5162112391862075,deforested,0.5673743685086569,0.16340829622853822,0.3715775609016418,0.8780263662338257,0.5064488053321838,0.8780263662338257,0.570155143737793,-0.3078712224960327,-0.20654529333114624,-0.014955174871112968,0.6562345946828524,0.4785141423344612,-0.17772045234839118,16
-54.61567949658258,-3.5700703577106805,deforested,0.5610893505314986,0.14119803038983902,0.3322277367115021,0.8736106753349304,0.5413829386234283,0.8689910173416138,0.561283528804779,-0.3077074885368347,-0.3162984251976013,-0.012660590112209307,0.655951663851738,0.4662270372112592,-0.1897246266404788,18
-54.75078137205791,-3.521908684542126,deforested,0.6227600798010826,0.20317979032361613,0.2975939214229584,0.9134615659713744,0.615867644548416,0.8942606449127197,0.2975939214229584,-0.5966667234897614,-0.21084082126617432,-0.02620560633099595,0.7842021336158117,0.4613180259863536,-0.32288410762945813,23
-54.59341609667326,-3.6376096255947368,deforested,0.4821508638560772,0.16245685448083239,0.27858567237854,0.8652144074440002,0.5866287350654602,0.8652144074440002,0.4692904055118561,-0.39592400193214417,-0.16985690593719482,-0.016291155232035566,0.5793769881129265,0.3849247395992279,-0.19445224851369858,18
-54.55602829518479,-3.683807285830812,deforested,0.641838209082683,0.1503983085179542,0.4238448441028595,0.8820638656616211,0.4582190215587616,0.8820638656616211,0.4741394817829132,-0.4079243838787079,-0.40098074078559875,-0.015655653334182215,0.7291045611103376,0.5545718570550283,-0.1745327040553093,21
-54.60508359050604,-3.613266840673878,deforested,0.6741555047531923,0.15891468445408483,0.3698974251747131,0.8921701312065125,0.5222727060317993,0.8827179670333862,0.3698974251747131,-0.5128205418586731,-0.19281876087188726,-0.020759825926759956,0.8153379559516907,0.5329730535546938,-0.28236490239699685,23
-54.63697610463655,-3.6921445575426897,deforested,0.7077425519625345,0.13637286491222067,0.4431372582912445,0.8815546035766602,0.43841734528541565,0.8815546035766602,0.4472205936908722,-0.43433400988578796,-0.07188776135444641,-0.017093164272930297,0.8140550156434377,0.6014300882816315,-0.21262492736180627,22
-54.68536896134927,-3.584516656529408,deforested,0.5294538016120592,0.10145277776065835,0.3353925347328186,0.7078431248664856,0.372450590133667,0.7078431248664856,0.5046854019165039,-0.2031577229499817,-0.1094244122505188,-0.007376465071802537,0.5677724977334341,0.4911351054906845,-0.07663739224274957,17
-54.70049874694861,-3.619655158826239,deforested,0.6166643102963766,0.14315274724117344,0.3667555451393127,0.8800590634346008,0.5133035182952881,0.8564167618751526,0.5515596270561218,-0.30485713481903076,-0.2298629879951477,-0.015248641060746224,0.7242964133620262,0.5090322072307268,-0.21526420613129937,13
-54.70636593963593,-3.630674172218576,deforested,0.5823844261467457,0.11402715403279391,0.4317059814929962,0.8557505011558533,0.42404451966285706,0.8557505011558533,0.5863377451896667,-0.2694127559661865,-0.207694411277771,-0.00628301419641659,0.6111171369751295,0.5536517153183619,-0.0574654216567676,4
-54.67607696167008,-3.5788158893914637,deforested,0.6283733335634073,0.1807159323782104,0.3713613748550415,0.8692668676376343,0.4979054927825928,0.8692668676376343,0.4867593944072723,-0.382507473230362,-0.17981970310211182,-0.022608466368654455,0.7922804355621338,0.46446623156468075,-0.32781420399745304,14
-54.63480738272688,-3.573812359461525,deforested,0.6117905291418234,0.17930289198091853,0.345190554857254,0.8868878483772278,0.5416972935199738,0.8652631640434265,0.453724592924118,-0.4115385711193085,-0.16820630431175237,-0.020694002625734908,0.7627243250608444,0.46085673322280246,-0.30186759183804196,16
-54.60706476302861,-3.5138884254421496,deforested,0.5653042495250702,0.16660718964484725,0.3429374694824219,0.9076923131942748,0.5647548437118529,0.8878564834594727,0.4811493754386902,-0.40670710802078247,-0.1852397918701172,-0.019148541844409426,0.6745183368523916,0.45609016219774884,-0.21842817465464276,18
-54.58303656688444,-3.5540336895625315,deforested,0.6615278782943884,0.18092786925420612,0.2738626301288605,0.9045467376708984,0.630684107542038,0.9045467376708984,0.3053359687328338,-0.5992107689380646,-0.1841291785240174,-0.02211218394663019,0.8001747131347656,0.5228810434540113,-0.2772936696807543,18
-54.63310909394528,-3.53237882471232,deforested,0.5758239651719729,0.1457007565515989,0.3540651798248291,0.8544955253601074,0.5004303455352783,0.8544955253601074,0.5506832003593445,-0.30381232500076294,-0.07849264144897461,-0.014808816080508002,0.6762956753373146,0.4753522550066312,-0.2009434203306834,13
-54.63457268180848,-3.689284439836395,deforested,0.6214249928792318,0.1516499611019606,0.4093921184539795,0.8738958239555359,0.4645037055015564,0.8738958239555359,0.5693981647491455,-0.3044976592063904,-0.22829049825668335,-0.01466971254867055,0.7395061751206716,0.503343810637792,-0.23616236448287964,13
-54.60894811276749,-3.5283354410918206,deforested,0.6144966768721739,0.16968940314776512,0.2937548160552978,0.8723649978637695,0.5786101818084717,0.8402107357978821,0.2937548160552978,-0.5464559197425842,-0.1162087619304657,-0.02243378241424972,0.7571885287761688,0.47180482496817905,-0.2853837038079898,23
-54.66386044848735,-3.516718150856934,deforested,0.5391421268383662,0.17794902657353653,0.3293305337429046,0.8867477178573608,0.5574171841144562,0.8867477178573608,0.5067092776298523,-0.38003844022750854,-0.17239367961883545,-0.017059440172236866,0.6389480580886205,0.4393361955881119,-0.19961186250050866,16
-54.55298665434251,-3.578747388715129,deforested,0.6222701519727707,0.160368634876282,0.3680700361728668,0.9041248559951782,0.5360548198223114,0.9041248559951782,0.369287759065628,-0.5348370969295502,-0.13634806871414185,-0.02152669766674868,0.7574020524819692,0.4871382514635722,-0.27026380101839703,22
-54.589486602163525,-3.6382383807095744,deforested,0.6311789738635222,0.11833003739817938,0.3513102829456329,0.8968957662582397,0.5455854833126068,0.8336842060089111,0.6220548152923584,-0.21162939071655273,-0.16480571031570435,-0.008821050693159504,0.6865619122982025,0.575796035428842,-0.11076587686936057,15
-54.720497964505086,-3.540457595588015,deforested,0.6692215775450071,0.16036854343695722,0.4904021024703979,0.8888888955116272,0.3984867930412293,0.8751252293586731,0.5712016820907593,-0.3039235472679138,-0.08087599277496343,-0.020245960717615863,0.8187004327774048,0.5197427223126093,-0.29895771046479547,13
-54.70003276439832,-3.537321497977843,deforested,0.577554856116573,0.23362718012823547,0.2384473234415054,0.8574610352516174,0.619013711810112,0.8411053419113159,0.2834958434104919,-0.557609498500824,-0.11167341470718384,-0.03115997303439222,0.7944537848234177,0.36065592740972835,-0.4337978574136893,21
-54.7287188903936,-3.582797643836982,deforested,0.5614166942735513,0.171511448835649,0.3802197873592376,0.8867716193199158,0.5065518319606781,0.8867716193199158,0.5311004519462585,-0.3556711673736572,-0.08249211311340332,-0.017740783289722756,0.6685710276166598,0.4542623609304428,-0.21430866668621695,13
-54.56626500224468,-3.60339076722444,deforested,0.5658647653957208,0.11256786952458354,0.4466403126716614,0.8868700861930847,0.44022977352142334,0.8868700861930847,0.5478323101997375,-0.33903777599334717,-0.4244440197944641,-0.009964860405610933,0.6247664988040924,0.5069630319873492,-0.11780346681674325,3
-54.718959781459496,-3.6454575409250296,deforested,0.5927541504303614,0.09908663934731499,0.461429238319397,0.8539325594902039,0.3925033211708069,0.8539325594902039,0.6038678288459778,-0.2500647306442261,-0.16475975513458252,-0.004528414114661806,0.6136374225219091,0.5718708783388138,-0.04176654418309533,4
-54.7123795462593,-3.608807552904204,deforested,0.5491950524350008,0.12731474334298437,0.4773638844490051,0.8912855982780457,0.4139217138290405,0.8736299276351929,0.5536602735519409,-0.31996965408325195,-0.26400309801101685,-0.009585645963316349,0.5916814828912417,0.5067086219787598,-0.0849728609124819,4
-54.66558783053754,-3.671162453662343,deforested,0.6356884303192297,0.12404929797075999,0.3591616451740265,0.9270073175430298,0.5678456723690033,0.9004920721054077,0.5757575631141663,-0.32473450899124146,-0.3064141273498535,-0.01169738527225409,0.7135738581418991,0.5578030024965605,-0.15577085564533866,13
-54.55525491447919,-3.510465991818131,deforested,0.6095011594394842,0.1802712536395575,0.3513238430023193,0.8982652425765991,0.5469413995742798,0.8982652425765991,0.563049852848053,-0.33521538972854614,-0.4964814186096192,-0.01710796720307803,0.7022773176431656,0.516725001235803,-0.18555231640736258,8
-54.63149147238474,-3.621735688224785,deforested,0.5036604752143224,0.14880208919782123,0.3139138519763946,0.888169527053833,0.5742556750774384,0.8727343082427979,0.4909383952617645,-0.3817959129810333,-0.32321637868881226,-0.013491486492364275,0.5777008384466171,0.4296201119820277,-0.14808072646458942,18
-54.65232125954484,-3.6289350379726866,deforested,0.48004813492298126,0.148136985242263,0.2880044281482696,0.8630136847496033,0.5750092566013336,0.8630136847496033,0.5978465676307678,-0.26516711711883545,-0.31812334060668945,0.0011642252103142203,0.44470112522443134,0.5153951446215311,0.0706940193970998,9
-54.63646351349585,-3.571359923282766,deforested,0.4807207038005193,0.09910653046706597,0.2960893809795379,0.6261261105537415,0.33003672957420355,0.563829779624939,0.569467306137085,0.005637526512145996,-0.08051568269729614,-0.0017480127966922117,0.5046385104457537,0.4568028971552849,-0.047835613290468815,14
-54.66241196002521,-3.586106258137225,deforested,0.5344418274859587,0.19703103853568785,0.2600084245204925,0.8863534927368164,0.6263450682163239,0.8863534927368164,0.2609946429729461,-0.6253588497638702,-0.12529045343399048,-0.023506339334923264,0.6629875575502714,0.4058960974216461,-0.25709146012862527,22
-54.651601829393634,-3.628446443212865,deforested,0.4981228845814864,0.16085948920003645,0.2524682581424713,0.8699372410774231,0.6174689829349518,0.8699372410774231,0.5902864336967468,-0.27965080738067627,-0.3176423907279968,0.001916872690553265,0.45831060657898587,0.5379351625839869,0.07962455600500101,9
-54.56723230075394,-3.600483180789667,deforested,0.4764922310908635,0.1650295108888113,0.2934951782226562,0.8854792714118958,0.5919840931892395,0.8619654774665833,0.4497883915901184,-0.41217708587646484,-0.18222039937973022,-0.0170175791564195,0.5781047095855077,0.37487975259621936,-0.20322495698928839,17
-54.606772063609064,-3.5260653633917,deforested,0.5870843070248762,0.16474916948517723,0.2734592854976654,0.8705369830131531,0.5970776975154877,0.8440585732460022,0.3249134123325348,-0.5191451609134674,-0.2522455155849457,-0.020742362180481762,0.7092937181393305,0.464874895910422,-0.24441882222890848,14
-54.68181353875999,-3.573380660549681,deforested,0.5281501623491446,0.19428148322111657,0.2415988743305206,0.8813760280609131,0.6397771537303925,0.8514443039894104,0.5043208003044128,-0.34712350368499756,-0.16216832399368286,-0.01959479442109229,0.6712635730703672,0.38503675162792206,-0.28622682144244516,13
-54.64615298207605,-3.698051229294476,deforested,0.7299976969758669,0.1041020403513989,0.5752621293067932,0.8807281851768494,0.30546605587005615,0.8807281851768494,0.5883272290229797,-0.29240095615386963,-0.10601526498794556,-0.013417049931443248,0.8182362616062164,0.6417591323455175,-0.17647712926069892,19
-54.71520818985223,-3.6147376794468657,deforested,0.6519625124831995,0.13498146899089414,0.3936682641506195,0.8852076530456543,0.4915393888950348,0.8310698866844177,0.3936682641506195,-0.4374016225337982,-0.15563806891441345,-0.01835228250078532,0.7691076397895813,0.5348173851768175,-0.23429025461276376,23
-54.56461329665686,-3.6061439252467737,deforested,0.5282562461992105,0.15809979738933622,0.3984108865261078,0.8924611806869507,0.4940502941608429,0.8924611806869507,0.5308979153633118,-0.3615632653236389,-0.2958809733390808,-0.012717909437158826,0.5947391639153162,0.4617733284831047,-0.13296583543221152,15
-54.69135551847045,-3.529459233757382,deforested,0.6578371400634447,0.147804478444654,0.4532843828201294,0.9000276327133179,0.4467432498931885,0.896287202835083,0.533564031124115,-0.362723171710968,-0.11363935470581055,-0.019176302604053282,0.7851391434669495,0.5305351366599401,-0.25460400680700934,18
-54.72247222259662,-3.6436349929692207,deforested,0.5636091455817223,0.12497217075669642,0.4269892275333404,0.9150227904319764,0.48803356289863603,0.8506179451942444,0.6019808053970337,-0.2486371397972107,-0.4817747175693513,-0.005732902884483337,0.5979468847314516,0.5292714064319929,-0.06867547829945875,15
-54.56977509202688,-3.676276619327669,deforested,0.5766129804154237,0.16590229242043975,0.2934220135211944,0.8670157194137573,0.5735937058925629,0.8670157194137573,0.3467261791229248,-0.5202895402908325,-0.16690516471862793,-0.016108507682447818,0.659898929297924,0.4933270315329234,-0.16657189776500064,9
-54.63985940093805,-3.578181162868917,deforested,0.636054960389932,0.17865269182997826,0.2929936349391937,0.8638596534729004,0.5708660185337067,0.8638596534729004,0.3457076549530029,-0.5181519985198975,-0.20710596442222595,-0.02297982057799463,0.7902393639087677,0.4818705568710963,-0.3083688070376714,20
-54.68463312661746,-3.500046991052253,deforested,0.39986189113308984,0.18558085199750457,0.0879689529538154,0.8483834862709045,0.7604145333170891,0.8483834862709045,0.5064327716827393,-0.3419507145881653,-0.5919771045446396,0.0011377112275880409,0.35864590915540856,0.4410778731107712,0.08243196395536262,8
-54.59529605319224,-3.609933380157986,deforested,0.6643479404350122,0.15498657119732787,0.4381247758865356,0.8768253922462463,0.43870061635971075,0.8768253922462463,0.4381247758865356,-0.43870061635971075,-0.40336465835571295,-0.016658892437167762,0.7818795541922251,0.5468163266777992,-0.23506322751442588,23
-54.640665249592374,-3.5713368752738415,deforested,0.6685780398547649,0.14230320583492645,0.4721737504005432,0.8613119125366211,0.3891381621360779,0.8437086343765259,0.4721737504005432,-0.37153488397598267,-0.09693408012390137,-0.018427003920078264,0.7969649831453959,0.540191096564134,-0.2567738865812619,23
-54.71774708272379,-3.661687485127562,deforested,0.643382137020429,0.11341095670288845,0.5108579397201538,0.856529712677002,0.34567177295684814,0.856529712677002,0.5525606274604797,-0.3039690852165222,-0.06839239597320557,-0.0149648920867754,0.7397906382878622,0.5469736357529958,-0.19281700253486633,16
-54.58384184616042,-3.676922527083819,deforested,0.552622567396611,0.23666128419352012,-0.0513292960822582,0.8850998282432556,0.9364291243255138,0.8850998282432556,0.2810204923152923,-0.6040793359279633,-0.4052316546440125,-0.016668255670886957,0.6350413278366128,0.47020380695660907,-0.16483752088000375,8
-54.74983676325907,-3.521784997613433,deforested,0.6358461491763592,0.183150056586267,0.3715731799602508,0.8826087117195129,0.5110355317592621,0.8826087117195129,0.3715731799602508,-0.5110355317592621,-0.1712495982646942,-0.023889493333256743,0.7881129682064056,0.4835793301463127,-0.3045336380600929,23
-54.74854693090674,-3.657359061150365,deforested,0.5116132013499737,0.16605811504770066,0.2342778146266937,0.8884353637695312,0.6541575491428375,0.8884353637695312,0.5985169410705566,-0.2899184226989746,-0.25627708435058594,0.0023245455259862323,0.4586179976662,0.5646084050337473,0.10599040736754733,6
-54.64358158639866,-3.62326004131783,deforested,0.5791343860328197,0.15904611933122545,0.363499253988266,0.898074746131897,0.534575492143631,0.8742393255233765,0.3919805586338043,-0.48225876688957214,-0.23132672905921936,-0.015244002018285815,0.6786577751239141,0.47961099694172543,-0.1990467781821887,6
-54.60083878148595,-3.6149358332914017,deforested,0.629599762459596,0.13576769678924488,0.3904484212398529,0.898217499256134,0.5077690780162811,0.898217499256134,0.6190046668052673,-0.2792128324508667,-0.15641748905181885,-0.009015278453412252,0.6906912724177042,0.5685082525014877,-0.1221830199162165,14
-54.650949852133635,-3.6349703388823222,deforested,0.6797797953089079,0.13928685595157944,0.4077147543430328,0.8789212703704834,0.4712065160274506,0.8789212703704834,0.5147541165351868,-0.36416715383529663,-0.13146290183067327,-0.01922200944112692,0.796647901336352,0.5629116892814636,-0.23373621205488837,20
-54.569033905399415,-3.5311302169613215,deforested,0.616091426461935,0.2001582567214279,0.2514619827270508,0.8989086747169495,0.6474466919898987,0.8989086747169495,0.2805860936641693,-0.6183225810527802,-0.15989637374877935,-0.02641501402077466,0.7851132849852244,0.44706956793864566,-0.3380437170465787,22
-54.69935913621066,-3.618746562114758,deforested,0.5055079100032648,0.1830509588113858,0.3158833980560303,0.8845171332359314,0.5686337351799011,0.8795180916786194,0.4794812500476837,-0.40003684163093567,-0.29413700103759766,-0.017995857583439866,0.6138427729407946,0.39717304706573486,-0.21666972587505973,13
-54.67503941615605,-3.58050999775045,deforested,0.6382492867608865,0.16318572225355796,0.3002429604530334,0.8899341225624084,0.589691162109375,0.8542238473892212,0.5509909987449646,-0.3032328486442566,-0.2941503524780274,-0.018678596628748857,0.7700988203287125,0.5063997531930605,-0.26369906713565194,14
-54.58495252442461,-3.5546724673292447,deforested,0.6778495162725449,0.1462989893845471,0.4163170158863067,0.8740006685256958,0.4576836526393891,0.8740006685256958,0.4163170158863067,-0.4576836526393891,-0.12315434217453003,-0.018222063857576114,0.7991572519143423,0.5565417806307474,-0.24261547128359484,23
-54.693049654731496,-3.565642370481705,deforested,0.5619292532404264,0.15417666703536675,0.3947065472602844,0.8818681240081787,0.4871615767478943,0.8818681240081787,0.5404782891273499,-0.34138983488082886,-0.09813243150711065,-0.014288751068322537,0.639689972003301,0.48416853447755176,-0.15552143752574926,13
-54.67417955859819,-3.640110965410874,deforested,0.40986397427817184,0.19379972289763772,0.171653538942337,0.8763720393180847,0.7047185003757477,0.8763720393180847,0.5238786935806274,-0.3524933457374573,-0.32575225830078125,-0.0006275625397329588,0.3983427919447422,0.42138515661160153,0.023042364666859327,9
-54.57095491742693,-3.6159454611797672,deforested,0.5820709789792696,0.12735521295653954,0.4792787134647369,0.8426454067230225,0.3633666932582856,0.8294797539710999,0.541369616985321,-0.2881101369857788,-0.12255001068115234,-0.01351673761139743,0.6594461599985758,0.5046957979599634,-0.15475036203861237,16
-54.69921071854506,-3.620834023451397,deforested,0.6046040790776411,0.14146616818683694,0.3200778067111969,0.8818665146827698,0.5617887079715729,0.85848468542099,0.5800415873527527,-0.2784430980682373,-0.23805400729179382,-0.015115229578121827,0.6991708328326544,0.510037325322628,-0.18913350751002633,20
-54.656781431176505,-3.638405782086728,deforested,0.5688692480325699,0.18461622325477503,0.2850565016269684,0.8935483694076538,0.6084918677806854,0.8733813166618347,0.320277452468872,-0.5531038641929626,-0.2339739203453064,-0.02373233942881871,0.7019487718741099,0.43578972419102985,-0.26615904768308,21
-54.58553872280485,-3.6839418048600208,deforested,0.6226596261064211,0.15908313192050236,0.4221885502338409,0.8920863270759583,0.46989777684211737,0.8809318542480469,0.4221885502338409,-0.458743304014206,-0.1745244860649109,-0.019841767497684615,0.7610060175259908,0.4843132346868515,-0.27669278283913934,23
-54.62856882484683,-3.506765300287723,deforested,0.5415080326298872,0.21020831485416044,0.1815286576747894,0.8786181211471558,0.6970894634723663,0.8747720122337341,0.3546581268310547,-0.5201138854026794,-0.23110955953598028,-0.02274155586957931,0.6872611319025358,0.39575493335723877,-0.291506198545297,13
-54.554775225819824,-3.5794288301958463,deforested,0.5590940738717715,0.162150568156576,0.3306451737880707,0.8794480562210083,0.5488028824329376,0.8679893016815186,0.5338345766067505,-0.33415472507476807,-0.4330790340900421,-0.015304104219312243,0.6572301909327507,0.46095795681079227,-0.19627223412195843,10
-54.56435365960074,-3.5887548298816347,deforested,0.5987029299139977,0.1384746071143976,0.3794694244861603,0.881669282913208,0.5021998584270477,0.881669282913208,0.4293313026428222,-0.4523379802703858,-0.14555177092552185,-0.016683643019717666,0.6820105711619059,0.5153952886660894,-0.16661528249581647,22
-54.59749258435392,-3.616799352594142,deforested,0.5239027750988802,0.1616639490590658,0.3589178919792175,0.9102749824523926,0.551357090473175,0.8655411601066589,0.5118569731712341,-0.3536841869354248,-0.2747114896774292,-0.013967815754206265,0.6019894207517306,0.44581612944602966,-0.1561732913057009,13
-54.61479025648063,-3.5681047197068416,deforested,0.6657877477506796,0.1557940572373314,0.4060269594192505,0.9008485674858092,0.4948216080665587,0.9008485674858092,0.5812053084373474,-0.3196432590484618,-0.15192800760269165,-0.017082784940367152,0.7963861326376597,0.5351893628636996,-0.2611967697739601,16
-54.637042472279184,-3.5712338173260036,deforested,0.38616732383767766,0.1245668751708408,0.2273699194192886,0.587826669216156,0.36045674979686737,0.5653360486030579,0.4145653843879699,-0.15077066421508795,-0.06547513604164124,-0.01091566359219343,0.4656117210785548,0.3067229265968005,-0.1588887944817543,15
-54.673850942614145,-3.5806367250977793,deforested,0.6487658793727556,0.13578275968320153,0.4773432612419128,0.8528078198432922,0.37546455860137945,0.8528078198432922,0.4908940494060516,-0.36191377043724066,-0.09303712844848633,-0.018439689226772464,0.7712070097525915,0.5263247489929199,-0.24488226075967157,20
-54.60522222167576,-3.55152409489925,deforested,0.590124654273192,0.19622664092163628,0.2404669225215912,0.8698825836181641,0.6294156610965729,0.8698825836181641,0.2404669225215912,-0.6294156610965729,-0.27856457233428955,-0.022463545980660807,0.7261566122372946,0.45409269630908966,-0.2720639159282049,23
-54.69801897725364,-3.6176950395190257,deforested,0.48974771052598953,0.1832112503036318,0.2555441856384277,0.8935906887054443,0.6380465030670166,0.8714590072631836,0.436096042394638,-0.4353629648685456,-0.6380465030670166,-0.016677782380062574,0.5950381060441335,0.3844573150078456,-0.21058079103628796,3
-54.55563702284389,-3.586911516822474,deforested,0.7243061438202858,0.12919481351629442,0.4250569343566894,0.8899742960929871,0.46491736173629766,0.8899742960929871,0.5916722416877747,-0.2983020544052124,-0.15529745817184454,-0.015259508127751528,0.8233168671528498,0.6252954204877218,-0.198021446665128,18
-54.58627214568859,-3.682805923982119,deforested,0.7144052783648173,0.12243995369347258,0.5750300288200378,0.9032257795333862,0.3281957507133484,0.9032257795333862,0.5962232947349548,-0.3070024847984314,-0.2378101944923401,-0.014282347015712545,0.819950113693873,0.6088604430357615,-0.21108967065811157,22
-54.55481115252338,-3.519307414315735,deforested,0.5392399926980337,0.17029916375715187,0.3958368599414825,0.8725154399871826,0.47667858004570013,0.8725154399871826,0.4908524751663208,-0.3816629648208618,-0.12401187419891357,-0.018700574299563507,0.6489799295862516,0.4295000558098157,-0.2194798737764359,15
-54.57275441273223,-3.677992527829584,deforested,0.6573120554288229,0.1651090077180415,0.2988108992576599,0.8646361827850342,0.5658252835273743,0.8646361827850342,0.2988108992576599,-0.5658252835273743,-0.22929590940475464,-0.020843621673791283,0.8067667384942373,0.5078573723634084,-0.29890936613082886,23
-54.651124268331934,-3.619842056340526,deforested,0.5678462758660316,0.15748130137299085,0.4566240608692169,0.896034300327301,0.4394102394580841,0.8822258114814758,0.5270057916641235,-0.3552200198173523,-0.16590571403503418,-0.01601415082164431,0.6547438676158587,0.48094868411620456,-0.17379518349965412,18
-54.721926664604155,-3.5401695307450685,deforested,0.6716050170361996,0.15434220036599058,0.4694248735904693,0.8715348243713379,0.4021099507808686,0.8623821139335632,0.5147058963775635,-0.34767621755599976,-0.04511064291000366,-0.020488776370235075,0.8139403313398361,0.529269702732563,-0.2846706286072731,18
-54.6410721394095,-3.62338786262619,deforested,0.6639433751503626,0.15434987573324288,0.3231481611728668,0.8890683650970459,0.5659202039241791,0.8536585569381714,0.3231481611728668,-0.5305103957653046,-0.21315518021583557,-0.020581233060878244,0.7974164436260859,0.5304703066746393,-0.26694613695144653,23
-54.718669020654566,-3.646682793098169,deforested,0.536542534828186,0.13867306593591122,0.2893725931644439,0.8757225275039673,0.5863499343395233,0.812734067440033,0.5886618494987488,-0.22407221794128418,-0.21761655807495117,-0.005830904141716309,0.562206452091535,0.5108786175648371,-0.05132783452669787,11
-54.58014674323249,-3.553219031349042,deforested,0.6976700238883495,0.16705149045488252,0.3347882926464081,0.8807947039604187,0.5460064113140106,0.8807947039604187,0.3550600409507751,-0.5257346630096436,-0.20995455980300903,-0.019499678080496578,0.8188068221012751,0.576533225675424,-0.2422735964258511,22
-54.705270765077096,-3.631365966108097,deforested,0.4950926254192988,0.14791284459614704,0.3575034439563751,0.8720662593841553,0.5145628154277802,0.8428720235824585,0.5250251889228821,-0.3178468346595764,-0.25421494245529175,-0.00836561692797618,0.5312875186403593,0.4588977321982384,-0.07238978644212091,6
-54.72139805166291,-3.538639534225601,deforested,0.609419833868742,0.14634537643771672,0.4489287436008453,0.8895819187164307,0.4406531751155854,0.8893093466758728,0.5077430009841919,-0.3815663456916809,-0.09971591830253607,-0.015037959904774344,0.6824447388450304,0.5363949288924535,-0.14604980995257688,8
-54.55297907306821,-3.680853391090132,deforested,0.5959516912698746,0.15624454136374313,0.3701657354831695,0.8440860509872437,0.47392031550407415,0.7871204614639282,0.3701657354831695,-0.4169547259807587,-0.3274160027503968,-0.018285779149635955,0.7205124696095785,0.4713909129301707,-0.24912155667940777,23
-54.68437367437626,-3.501449698708782,deforested,0.42532127412656945,0.18025376694294387,0.0880968421697616,0.7842565774917603,0.6961597353219986,0.7842565774917603,0.4737573862075805,-0.31049919128417974,-0.27365201711654663,-0.005261620613543866,0.4276660693188508,0.422976478934288,-0.004689590384562792,8
-54.55633305145892,-3.691135164336395,deforested,0.6374099204937617,0.1560798970466628,0.311795175075531,0.9018087983131408,0.5900136232376098,0.8874056935310364,0.554064154624939,-0.3333415389060974,-0.252098023891449,-0.014735987471497576,0.7492261876662573,0.5255936533212662,-0.22363253434499109,13
-54.74942010869309,-3.655771327449135,deforested,0.510096891472737,0.10664799453568627,0.3379385471343994,0.7504655718803406,0.41252702474594116,0.6121416687965393,0.3838897049427032,-0.22825196385383612,-0.08103802800178533,-0.007676088537858882,0.5672610203425089,0.45293276260296506,-0.11432825773954386,18
-54.66612201952036,-3.5290352843410324,old_clearing,0.6379875168204308,0.12683794345810492,0.3982442021369934,0.8664354085922241,0.4681912064552307,0.8664354085922241,0.5390226244926453,-0.32741278409957886,-0.14856112003326416,-0.015599633947662658,0.7479904492696127,0.5279845843712488,-0.22000586489836382,20
-54.70097815190642,-3.638369132308073,old_clearing,0.7283588498830795,0.10322280630083215,0.5087482929229736,0.8818565607070923,0.37310826778411865,0.8307508826255798,0.6143442988395691,-0.21640658378601074,-0.13773339986801147,-0.01166078940681787,0.8093960781892141,0.647321621576945,-0.16207445661226916,18
-54.72022106234565,-3.585516102383807,old_clearing,0.4929471251865228,0.12364756677741627,0.3354985415935516,0.7492572665214539,0.4137587249279023,0.7492572665214539,0.4635367691516876,-0.28572049736976624,-0.11081653833389288,-0.013130042073519336,0.5821424797177315,0.40375177065531415,-0.17839070906241733,11
-54.6610139936523,-3.5271667054456475,old_clearing,0.5412431626270214,0.21162931418253209,0.245815560221672,0.8649830222129822,0.6191674619913101,0.8649830222129822,0.5086882710456848,-0.35629475116729736,-0.1859835982322693,-0.021802101698906517,0.7128272155920664,0.3696591096619765,-0.3431681059300899,13
-54.68963167652167,-3.5928294018274767,old_clearing,0.6442179257671038,0.14024064454851093,0.3526197373867035,0.8396295309066772,0.48700979351997375,0.8396295309066772,0.5652458071708679,-0.2743837237358093,-0.23083797097206116,-0.015633251226466607,0.7497357428073883,0.5387001087268194,-0.2110356340805689,18
-54.67087564966079,-3.501783331798863,old_clearing,0.49700076257189113,0.11070753109105151,0.2916666567325592,0.6666666865348816,0.3750000298023224,0.552570104598999,0.3583793640136719,-0.19419074058532715,-0.16235741972923284,-0.007905271221762105,0.5716628084580103,0.42233871668577194,-0.14932409177223838,18
-54.74514749298427,-3.5456061026496393,old_clearing,0.4960394526521365,0.09741570322528022,0.3560942411422729,0.744987964630127,0.38889372348785406,0.744987964630127,0.4753074944019317,-0.26968047022819525,-0.17134177684783936,-0.00615365914676497,0.5152211263775826,0.4768577789266904,-0.03836334745089215,18
-54.722573845052494,-3.5895430919415823,old_clearing,0.47985055670142174,0.12642449970967412,0.3006622493267059,0.7677786350250244,0.46711638569831854,0.7677786350250244,0.481614887714386,-0.2861637473106384,-0.14998143911361694,-0.011873510052328512,0.5744272395968437,0.38527387380599976,-0.18915336579084396,18
-54.66006316671751,-3.506938521011375,old_clearing,0.44675313991804916,0.18875288088537817,0.2175502777099609,0.8762837648391724,0.6587334871292114,0.8762837648391724,0.3411033451557159,-0.5351804196834564,-0.35000127553939825,-0.012263814761586809,0.48486872638265294,0.40863755345344543,-0.0762311729292075,6
-54.73200429807171,-3.539399670447962,old_clearing,0.47630660360058147,0.07956166267800104,0.3345914185047149,0.682539701461792,0.3479482829570771,0.682539701461792,0.5493860244750977,-0.13315367698669434,-0.09688723087310791,-0.006246670704820865,0.5230777015288671,0.42953550567229587,-0.09354219585657125,20
-54.724155880757024,-3.603228334015731,old_clearing,0.46158530935645103,0.12813488109297824,0.3197832107543945,0.7547559142112732,0.4349727034568787,0.7276995182037354,0.4702273607254028,-0.2574721574783326,-0.3784390091896057,-0.0023001003654106755,0.4652609924475352,0.45790962626536685,-0.007351366182168362,11
-54.72939734509766,-3.6559146935870994,old_clearing,0.5436760870118936,0.09744079155183812,0.3583556711673736,0.7214054465293884,0.3630497753620148,0.695663332939148,0.4931211769580841,-0.20254215598106384,-0.1703473925590515,-0.008757666880669797,0.6045413613319397,0.4828108126918475,-0.1217305486400922,18
-54.58288206902204,-3.657589453144124,old_clearing,0.5778645587464174,0.10260729210322321,0.3636010885238647,0.7471369504928589,0.3835358619689942,0.7471369504928589,0.4643200039863586,-0.2828169465065003,-0.1620137095451355,-0.008030677062013844,0.6432178964217504,0.5125112210710844,-0.13070667535066605,16
-54.674923091552394,-3.5462347431435703,old_clearing,0.5027231698234876,0.1349703678593261,0.2365259230136871,0.7385686039924622,0.502042680978775,0.7385686039924622,0.463642418384552,-0.27492618560791016,-0.10496050119400024,-0.01007557576117306,0.5711733847856522,0.43427295486132306,-0.1369004299243291,13
-54.72875509656346,-3.6543433100503577,old_clearing,0.4709293407698472,0.06665555867980935,0.3854818642139435,0.609359085559845,0.2238772213459015,0.5949656963348389,0.444952517747879,-0.1500131785869599,-0.21075767278671265,-0.004404537587062167,0.5000045870741209,0.4418540944655736,-0.058150492608547266,15
-54.60538937093939,-3.5124991558062235,old_clearing,0.6489264070987701,0.11724155775331203,0.3891776204109192,0.8836699724197388,0.4944923520088196,0.8836699724197388,0.5906899571418762,-0.29298001527786255,-0.22395509481430054,-0.012680183441742597,0.7162735511859258,0.5815792630116144,-0.1346942881743114,18
-54.591780548328465,-3.562821604646088,old_clearing,0.7324878511329492,0.15009756927156276,0.4067730605602264,0.8958707451820374,0.48909768462181097,0.8951456546783447,0.6177777647972107,-0.27736788988113403,-0.08104437589645386,-0.017376028752845225,0.8591213425000509,0.6058543597658476,-0.25326698273420334,17
-54.69033589353948,-3.6347912290456255,old_clearing,0.42820363740126294,0.0640119789779004,0.3109243810176849,0.5405840277671814,0.22965964674949652,0.450329065322876,0.4181210994720459,-0.03220796585083008,-0.0587895512580871,-0.0034252380547316035,0.46580618619918823,0.3906010886033376,-0.07520509759585065,18
-54.55112069486329,-3.5324078206428764,old_clearing,0.6978444394965967,0.12190576889877254,0.4495095312595367,0.8873239159584045,0.43781438469886785,0.8873239159584045,0.5989766716957092,-0.2883472442626953,-0.08974295854568481,-0.015447623017041555,0.8010364671548208,0.5946524118383726,-0.2063840553164482,18
-54.66049743153082,-3.5374929156017427,old_clearing,0.6595319385329882,0.11219267103875967,0.5393300652503967,0.8607041835784912,0.3213741183280945,0.8591549396514893,0.5709090828895569,-0.2882458567619324,-0.04640227556228638,-0.014379446947056304,0.7505393673976263,0.5685245096683502,-0.18201485772927606,21
-54.70658000399385,-3.603720955404076,old_clearing,0.5383506516615549,0.08798699331059069,0.2988142371177673,0.6704936623573303,0.37167942523956304,0.6536107659339905,0.4311079680919647,-0.22250279784202576,-0.1871845126152039,-0.010520125472027306,0.6067367941141129,0.46996450920899707,-0.13677228490511578,17
-54.7093951851707,-3.5452129771136174,old_clearing,0.22539661327997842,0.01914519051985367,0.197072371840477,0.2615969479084015,0.0645245760679245,0.2441005855798721,0.197072371840477,-0.047028213739395114,-0.045130953192710876,-0.0002412492036819414,0.22390343993902206,0.22688978662093476,0.002986346681912694,23
-54.67027404401543,-3.6286760767244504,old_clearing,0.6329625795284907,0.10695244657573479,0.448943018913269,0.8138784170150757,0.3649353981018067,0.7446020841598511,0.532281219959259,-0.21232086420059204,-0.07777202129364019,-0.012702539329943438,0.7289427022139231,0.5369824568430582,-0.19196024537086487,13
-54.74351416041022,-3.520671547758299,old_clearing,0.5530704346795877,0.2167313523994093,0.2276372611522674,0.8890840411186218,0.6614467799663544,0.882781982421875,0.5809698104858398,-0.30181217193603516,-0.2526611089706421,-0.0169007992096569,0.6832023188471794,0.42293855051199597,-0.26026376833518344,13
-54.56497316171487,-3.5297982878500123,old_clearing,0.6249675725897154,0.1750938040603582,0.2703984677791595,0.8767567276954651,0.6063582599163055,0.8767567276954651,0.5590828657150269,-0.31767386198043823,-0.16165876388549805,-0.016386491889538956,0.7129301006595293,0.5370050445199013,-0.17592505613962806,11
-54.68084853083885,-3.5359709466721982,old_clearing,0.7091142212351164,0.13092480235304932,0.4126960039138794,0.8783308267593384,0.465634822845459,0.8783308267593384,0.5833882689476013,-0.29494255781173706,-0.11635416746139526,-0.0163009853725848,0.8259005546569824,0.5923278878132502,-0.23357266684373224,18
-54.669123894943546,-3.629785499812427,old_clearing,0.3677896149456501,0.08865965048478006,0.2430769205093383,0.5898111462593079,0.3467342257499696,0.4424111843109131,0.2940438985824585,-0.1483672857284546,-0.11066457629203799,-0.006412331345288635,0.426276092727979,0.30930313716332114,-0.11697295556465787,4
-54.74853811179459,-3.652531691196675,old_clearing,0.41866932685176533,0.039691872901640224,0.3264580368995666,0.4689042568206787,0.14244621992111212,0.4323287606239319,0.3264580368995666,-0.10587072372436529,-0.08861219882965088,5.6508870228487464e-05,0.4252174099286397,0.4121212437748909,-0.013096166153748812,23
-54.722776891474055,-3.6347959792060194,old_clearing,0.5706610878308614,0.1288466497395543,0.3942494392395019,0.8506527543067932,0.4564033150672913,0.8506527543067932,0.5789747834205627,-0.27167797088623047,-0.173309326171875,-0.012803168478219397,0.6440542687972387,0.49726790686448413,-0.14678636193275457,18
-54.58012391899185,-3.5943087573024997,old_clearing,0.565493772427241,0.11210269057621806,0.4268689155578613,0.784874677658081,0.3580057621002198,0.7400739789009094,0.4917053878307342,-0.24836859107017523,-0.2907986044883728,-0.005186736091323504,0.6250314737359682,0.5059560711185137,-0.11907540261745453,4
-54.733475226156514,-3.6574337569027833,old_clearing,0.5737081368764242,0.20265732067063608,0.3128924965858459,0.8494446873664856,0.5365521907806396,0.8408144116401672,0.3128924965858459,-0.5279219150543213,-0.4805433750152588,-0.02096470400043154,0.71754523118337,0.42987104256947833,-0.28767418861389166,23
-54.68412211916546,-3.5436680619912915,old_clearing,0.3853030012299617,0.17109870801181043,0.0451919808983802,0.7539128065109253,0.7087208256125451,0.7539128065109253,0.316268116235733,-0.4376446902751923,-0.21911650896072388,-0.009215739563755345,0.4140595272183418,0.3565464752415816,-0.05751305197676021,10
-54.706852033393346,-3.6506217137388215,old_clearing,0.47132131333152455,0.07189375054876483,0.3103200197219848,0.6657045483589172,0.35538452863693243,0.6657045483589172,0.3103200197219848,-0.35538452863693243,-0.20313471555709844,-0.006983047555322225,0.514285497367382,0.428357129295667,-0.08592836807171506,23
-54.70432003284204,-3.645547527729753,old_clearing,0.4262896353999774,0.09930643801856649,0.2953472733497619,0.6502285599708557,0.3548812866210938,0.4478289186954498,0.333581268787384,-0.1142476499080658,-0.19947746396064764,-0.005644943040350199,0.4672886108358701,0.3852906599640846,-0.08199795087178546,20
-54.6982028093126,-3.637057299431366,old_clearing,0.6514890206356844,0.1016305821468007,0.483861356973648,0.8164934515953064,0.3326320946216584,0.7819905281066895,0.532634437084198,-0.24935609102249146,-0.1318252682685852,-0.01102800715228784,0.7311614255110422,0.5718166157603264,-0.15934480975071585,20
-54.72005518906651,-3.589674929355913,old_clearing,0.5250720133384069,0.10001225685875267,0.4240968823432922,0.7541322112083435,0.3300353288650513,0.7541322112083435,0.4909793734550476,-0.2631528377532959,-0.0953415036201477,-0.011547457187072065,0.5925076951583227,0.4576363315184911,-0.1348713636398316,18
-54.70989538828049,-3.594530785998607,old_clearing,0.40751524083316326,0.12645317859016114,0.0835148841142654,0.6192771196365356,0.5357622355222702,0.481205016374588,0.5620461702346802,0.08084115386009216,-0.3686763495206833,0.01120469445119734,0.3355460998912652,0.4794843817750613,0.1439382818837961,3
-54.74130205767575,-3.51356722920904,old_clearing,0.5944138566652933,0.1069730344361981,0.2822085916996002,0.7581920623779297,0.47598347067832947,0.6687299013137817,0.5472498536109924,-0.1214800477027893,-0.28048500418663025,-0.01067642877931179,0.6597165962060293,0.5291111171245575,-0.1306054790814718,20
-54.54928970725551,-3.650465230059823,old_clearing,0.6852689906954765,0.08752102300218158,0.5722686648368835,0.8495917320251465,0.27732306718826294,0.7897983193397522,0.5722686648368835,-0.21752965450286865,-0.12536150217056274,-0.007529483333877871,0.7294209251801173,0.6411170562108358,-0.08830386896928144,23
-54.605842117342505,-3.5382368615495037,old_clearing,0.5891847908496857,0.09249174986801395,0.4192990064620971,0.7886611819267273,0.3693621754646302,0.7886611819267273,0.5418601036071777,-0.24680107831954956,-0.24853771924972534,-0.009255334916322118,0.6569529970486959,0.5214165846506754,-0.1355364123980205,18
-54.70184892373873,-3.5900884967626197,old_clearing,0.4985438647369544,0.12213503001259883,0.3188531696796417,0.7455968856811523,0.4267437160015106,0.7455968856811523,0.3712563514709472,-0.37434053421020513,-0.10228723287582397,-0.013440827377464437,0.5991287430127462,0.39795898646116257,-0.20116975655158364,18
-54.70714977971072,-3.584179384154837,old_clearing,0.5699045186241468,0.12429655002904225,0.3237113356590271,0.7677691578865051,0.444057822227478,0.7396307587623596,0.4952327609062195,-0.24439799785614014,-0.32398515939712524,-0.0069610072478003835,0.6222675368189812,0.5175415004293124,-0.10472603638966882,4
-54.62451618656346,-3.5173417375614497,old_clearing,0.5211737242837747,0.10477045674386228,0.3746630847454071,0.7450876235961914,0.3704245388507843,0.7054534554481506,0.3746630847454071,-0.33079037070274353,-0.08465832471847529,-0.013198656789634527,0.6041538243492445,0.43819362421830493,-0.16596020013093954,23
-54.74139185827434,-3.6094939536195914,old_clearing,0.5251301390429338,0.0858683678085411,0.3795416355133056,0.7113062739372253,0.33176463842391973,0.7113062739372253,0.3795416355133056,-0.33176463842391973,-0.1599509716033936,-0.007259199424930244,0.5628815218806267,0.4873787562052409,-0.07550276567538577,23
-54.57153855713802,-3.684928868570938,old_clearing,0.5400654282420874,0.17605414354287663,0.2498386055231094,0.9121706485748292,0.6623320430517198,0.9121706485748292,0.4854881167411804,-0.4266825318336488,-0.44079703092575073,-0.0025314355090908167,0.5489025053878626,0.5312283510963122,-0.017674154291550392,6
-54.6926260021161,-3.6012853966947387,old_clearing,0.6447084633012613,0.1272702406625631,0.4690295457839966,0.8964194655418396,0.427389919757843,0.8964194655418396,0.6338743567466736,-0.262545108795166,-0.13605338335037231,-0.01211387368647945,0.7128316362698873,0.5765852903326353,-0.13624634593725204,18
-54.594279190088805,-3.5599333930233437,old_clearing,0.6961434955398241,0.13134289019523773,0.4607087969779968,0.8899028301239014,0.42919403314590454,0.8899028301239014,0.5359389781951904,-0.35396385192871094,-0.08283036947250366,-0.016510406810304377,0.7965387602647146,0.5957482308149338,-0.20079052944978082,19
-54.709587034711554,-3.5886065904439497,old_clearing,0.5572943687438965,0.13634687417810196,0.341307133436203,0.7942386865615845,0.45293155312538147,0.7942386865615845,0.523809552192688,-0.2704291343688965,-0.18739932775497437,-0.008271230044572222,0.6299601669112841,0.4846285705765088,-0.14533159633477527,17
-54.68500137717139,-3.537306603217951,old_clearing,0.46537140384316444,0.10709377640824874,0.3153638839721679,0.7068375945091248,0.39147371053695684,0.5351351499557495,0.3153638839721679,-0.2197712659835816,-0.23341575264930725,-0.0076379374965377216,0.5283690194288889,0.4023737882574399,-0.125995231171449,23
-54.71954783468223,-3.5953456522186267,old_clearing,0.4950343730549018,0.09217278749193497,0.3070539534091949,0.6176329851150513,0.3105790317058564,0.4901752471923828,0.3632798492908478,-0.12689539790153503,-0.10580134391784668,-0.00917290424523144,0.5740637630224228,0.4160049830873807,-0.15805877993504208,14
-54.57350458214172,-3.530422824552216,old_clearing,0.6881984435021877,0.14025776529558293,0.4319317042827606,0.8988544344902039,0.46692273020744324,0.8988544344902039,0.5766317844390869,-0.32222265005111694,-0.20882824063301086,-0.017829499724118566,0.8090911010901133,0.5673057859142622,-0.2417853151758511,19
-54.70218463840206,-3.591091503988548,old_clearing,0.5097694334884485,0.134971985498932,0.3074534237384796,0.7018858194351196,0.39443239569664,0.6558961868286133,0.3952958881855011,-0.2606002986431122,-0.18338853120803839,-0.01362421936315038,0.6312726885080338,0.3882661784688632,-0.24300651003917056,14
-54.73712122909803,-3.543207656588447,old_clearing,0.6149601116776466,0.08885956468094154,0.4283677935600281,0.8168021440505981,0.38843435049057007,0.8168021440505981,0.5784946084022522,-0.23830753564834595,-0.17237728834152222,-0.009333069402238572,0.6629291524489721,0.5669910709063212,-0.09593808154265093,20
-54.5548767138684,-3.5342824779398847,old_clearing,0.5562739918629328,0.1089145583105583,0.4211076200008392,0.7790625691413879,0.35795494914054876,0.6815804839134216,0.470048576593399,-0.21153190732002264,-0.24237129092216497,-0.004778754400170374,0.60964967807134,0.5028983056545258,-0.1067513724168142,3
-54.690353308742914,-3.5919548193147657,old_clearing,0.745274156332016,0.10320564273404599,0.5883495211601257,0.9123004078865052,0.3239508867263795,0.9123004078865052,0.5959933400154114,-0.31630706787109386,-0.06295502185821533,-0.012197029694266918,0.8119441419839859,0.6786041706800461,-0.13333997130393982,21
-54.73511320836232,-3.5560036771765007,old_clearing,0.5065712394813696,0.1051866839310824,0.3501118421554565,0.7118301391601562,0.36171829700469976,0.7118301391601562,0.503496527671814,-0.20833361148834229,-0.07515382766723633,-0.009680558792922797,0.5715179021159807,0.44162457684675854,-0.1298933252692222,13
-54.723866095318314,-3.6342274909743337,old_clearing,0.6129328782359759,0.10939593935419828,0.44047412276268,0.863043487071991,0.42256936430931097,0.863043487071991,0.5673575401306152,-0.29568594694137573,-0.1765155792236328,-0.012795878959738665,0.6938755512237549,0.531990205248197,-0.16188534597555793,18
-54.7076413859626,-3.6396723291331057,old_clearing,0.5319512573381265,0.13014112589912,0.3407559394836426,0.7673436999320984,0.4265877604484558,0.7673436999320984,0.3407559394836426,-0.4265877604484558,-0.133122980594635,-0.013407532767109234,0.6293280869722366,0.4345744277040164,-0.19475365926822025,23
-54.68848203278848,-3.5020072049608144,old_clearing,0.719826266169548,0.13310907496113109,0.4296141862869262,0.9023255705833436,0.4727113842964174,0.9023255705833436,0.6170346140861511,-0.2852909564971925,-0.1168326735496521,-0.01653736897136851,0.8364697148402532,0.6031828174988428,-0.2332868973414104,18
-54.630635012704005,-3.568596168574026,old_clearing,0.6354075483977795,0.1348614837924097,0.3042973279953003,0.8850076198577881,0.5807102918624878,0.8850076198577881,0.619625449180603,-0.26538217067718506,-0.23996013402938843,-0.01032253331464268,0.7135894745588303,0.5572256222367287,-0.1563638523221016,13
-54.67599605037941,-3.577572119158521,old_clearing,0.6756391699115435,0.14673004330055092,0.3634729087352752,0.8710244297981262,0.507551521062851,0.8710244297981262,0.6260978579521179,-0.2449265718460083,-0.22418716549873358,-0.014461392319720713,0.7968605707089106,0.5544177691141764,-0.2424428015947342,14
-54.72932347128509,-3.634091337040512,old_clearing,0.5425707337756952,0.0788392315572708,0.3704305589199066,0.7035271525382996,0.33309659361839294,0.670224130153656,0.5263413786888123,-0.14388275146484375,-0.33309659361839294,-0.0010808370813079446,0.5471785664558411,0.5379629010955492,-0.009215665360291836,3
-54.742238336480845,-3.654104019694085,old_clearing,0.48196327437957126,0.0902366578992895,0.3793579638004303,0.710195004940033,0.33083704113960266,0.710195004940033,0.3900709152221679,-0.32012408971786505,-0.12870723009109497,-0.008547430608583512,0.540093369781971,0.4238331789771716,-0.11626019080479938,13
-54.577455657134536,-3.597752950602904,old_clearing,0.7110152492920557,0.10831070186725918,0.5122249126434326,0.9094247221946716,0.397199809551239,0.9094247221946716,0.5997390151023865,-0.30968570709228516,-0.20787006616592407,-0.012006234759869751,0.7854000131289164,0.6366304854551951,-0.1487695276737213,18
-54.61905839528553,-3.506129449386803,old_clearing,0.6182026751339436,0.12365352176902948,0.3807169198989868,0.8229133486747742,0.44219642877578735,0.8229133486747742,0.4962835013866424,-0.32662984728813177,-0.10347226262092596,-0.01596016452364298,0.7255332072575887,0.5108721430102984,-0.21466106424729037,18
-54.69611117875097,-3.547215902582258,old_clearing,0.4657042653610309,0.09179345730987237,0.1479866653680801,0.6368778347969055,0.4888911694288254,0.6368778347969055,0.4168711006641388,-0.22000673413276672,-0.40944574773311615,-0.004003567365200609,0.4934188437958558,0.43798968692620593,-0.05542915686964989,3
-54.731437572228266,-3.6468214254177034,old_clearing,0.48385200028618175,0.10219561904838427,0.3343929946422577,0.6950517892837524,0.36065879464149475,0.6950517892837524,0.3610286712646484,-0.33402311801910406,-0.16244941949844366,-0.011764821967352984,0.5542285094658533,0.41347549110651016,-0.14075301835934317,19
-54.736693165576106,-3.5931784013977,old_clearing,0.6250938313702742,0.14349810250058156,0.3548040688037872,0.840177595615387,0.4853735268115998,0.8285065293312073,0.5124868154525757,-0.3160197138786316,-0.20676875114440918,-0.015374397207861344,0.7528658707936605,0.49732179194688797,-0.25554407884677255,17
-54.665655232104896,-3.532155269611881,old_clearing,0.530838226278623,0.12228615458355055,0.3301601111888885,0.7552447319030762,0.4250846207141877,0.6877967119216919,0.376215398311615,-0.3115813136100769,-0.17575490474700933,-0.00923317419446031,0.5995938455065092,0.4620826070507367,-0.13751123845577246,6
-54.73324509159441,-3.640009177815461,old_clearing,0.5232785617311796,0.08562602125140654,0.3915596306324005,0.6784741282463074,0.28691449761390686,0.586920976638794,0.3915596306324005,-0.19536134600639343,-0.22044909000396734,-0.008564384942469375,0.5908539543549219,0.45570316910743713,-0.1351507852474848,23
-54.64143904661741,-3.5611069965281033,old_clearing,0.6223291804393133,0.11705799931164317,0.3872707784175873,0.8080279231071472,0.42075714468955994,0.8059326410293579,0.5469539165496826,-0.2589787244796753,-0.17189371585845947,-0.012941932704137698,0.7083184321721395,0.5363399287064871,-0.17197850346565247,19
-54.554861914033154,-3.5358102359649037,old_clearing,0.5493171246101459,0.11208293177048183,0.2450388222932815,0.7695704698562622,0.5245316475629807,0.5908745527267456,0.4600460231304168,-0.1308285295963288,-0.15193217992782593,-0.0018264944851398384,0.5745501331984997,0.5240841160217921,-0.05046601717670762,6
-54.73730310305991,-3.5937133363876756,old_clearing,0.6199672917524973,0.09547436969985762,0.4536928534507751,0.8169848322868347,0.3632919788360596,0.734326183795929,0.4536928534507751,-0.28063333034515386,-0.12193119525909424,-0.010566745815069757,0.6937624911467234,0.5461720923582712,-0.14759039878845215,23
-54.74436607777537,-3.543900293734903,old_clearing,0.489726971834898,0.07431157735880546,0.3484455943107605,0.6702649593353271,0.32181936502456665,0.6702649593353271,0.4706878960132599,-0.19957706332206726,-0.13394233584403997,-0.005382136145363674,0.5161653334895769,0.463288610180219,-0.05287672330935794,18
-54.698585197319595,-3.6336548204728665,old_clearing,0.583536130686601,0.08686647682641663,0.4362077713012695,0.7669581770896912,0.3307504057884217,0.7669581770896912,0.5260767340660095,-0.24088144302368164,-0.10675847530364996,-0.0076058364173640265,0.6201080232858658,0.5469642380873362,-0.0731437851985296,20
-54.73389361719256,-3.643343396559735,old_clearing,0.5199379393210014,0.12745307418507243,0.2297063916921615,0.7485187649726868,0.5188123732805252,0.6739741563796997,0.4128140211105346,-0.2611601352691651,-0.2959826141595841,-0.008966057618027138,0.5902074302236239,0.44966844841837883,-0.14053898180524504,20
-54.55479296345536,-3.5358176793764833,old_clearing,0.5851982148985068,0.09587656100323731,0.4319444298744201,0.7826483845710754,0.35070395469665533,0.6572522521018982,0.4794871807098388,-0.17776507139205938,-0.23994415998458868,-0.005689772484095196,0.6383737077315649,0.5320227220654488,-0.10635098566611612,3
-54.7185637045968,-3.5885600370008475,old_clearing,0.4828489199280739,0.14472199496808538,0.2583252489566803,0.6876659393310547,0.4293406903743744,0.4177412986755371,0.3700176477432251,-0.04772365093231201,-0.2013052999973297,-0.01232055008411405,0.5830575649936994,0.3826402748624484,-0.20041729013125104,11
-54.58127710749791,-3.54074340420522,old_clearing,0.6459603346884251,0.130776042372178,0.3967191278934479,0.840929388999939,0.4442102611064911,0.840929388999939,0.5588918328285217,-0.28203755617141724,-0.12948885560035706,-0.013919325691202397,0.7552121430635452,0.5367085263133049,-0.21850361675024033,15
-54.63312804553753,-3.5174533761130347,old_clearing,0.6705100437005361,0.13860381865362106,0.4066437482833862,0.8416699767112732,0.435026228427887,0.8416699767112732,0.5633848905563354,-0.27828508615493774,-0.05624461174011236,-0.01789374009422633,0.7963971098264059,0.5446229775746664,-0.2517741322517395,19
-54.6843604356919,-3.550821535599531,old_clearing,0.5285162702202797,0.10896081594941343,0.385136216878891,0.8469364047050476,0.4618001878261566,0.8469364047050476,0.4818097949028015,-0.3651266098022461,-0.10545015335083008,-0.012257594492124452,0.6023120681444804,0.454720472296079,-0.14759159584840137,18
-54.74155852553557,-3.5996158487484102,old_clearing,0.7198633874456087,0.13456724357972916,0.5107398629188538,0.8940011858940125,0.3832613229751587,0.8940011858940125,0.546451210975647,-0.3475499749183655,-0.05817157030105591,-0.017369543236234887,0.8290756940841675,0.6106510808070501,-0.21842461327711737,18
-54.73315372404147,-3.6535012794639896,old_clearing,0.5106431518991789,0.08715111289166083,0.4003466069698334,0.7327486872673035,0.3324020802974701,0.7327486872673035,0.4726097285747528,-0.26013895869255066,-0.19418525695800787,-0.004715782300285645,0.5263143703341484,0.49497193346420926,-0.03134243686993915,9
-54.66750116022375,-3.503639025612354,old_clearing,0.4964837258060773,0.09565641364105433,0.290553867816925,0.6564522981643677,0.3658984303474427,0.5977870225906372,0.3918269276618957,-0.2059600949287415,-0.1736435890197754,-0.007357511027999518,0.5580630873640379,0.4349043642481168,-0.12315872311592108,16
-54.61230852437743,-3.5229246123393843,old_clearing,0.43873942891756695,0.055548130723941914,0.3677298426628113,0.6628857851028442,0.29515594244003296,0.6628857851028442,0.3761854469776153,-0.28670033812522894,-0.23011267185211182,-0.001517178856808199,0.44291070600350696,0.4345681518316269,-0.008342554171880068,4
-54.72328997574326,-3.6334949831115737,old_clearing,0.5861610807478428,0.15515578316123768,0.3982827961444855,0.895163357257843,0.49688056111335754,0.895163357257843,0.5415500998497009,-0.3536132574081421,-0.2198176383972168,-0.016875542622545463,0.6879741847515106,0.48434797674417496,-0.20362620800733566,18
-54.646566800636634,-3.5398980135846916,old_clearing,0.6213626302778721,0.18187382231378219,0.3708525896072387,0.8941418528556824,0.5232892632484436,0.8941418528556824,0.4848000109195709,-0.40934184193611145,-0.07998698949813843,-0.024874919588151138,0.7807621707518896,0.46196308980385464,-0.31879908094803494,19
-54.622735324237816,-3.4999238627742684,old_clearing,0.5839392381409804,0.07014668752418446,0.4434831142425537,0.7285152673721313,0.28503215312957764,0.5657219290733337,0.6229414939880371,0.05721956491470337,-0.17318671941757202,-0.0018929326922997095,0.588003990550836,0.5798744857311249,-0.008129504819711086,16
-54.60705360388171,-3.5212313526459957,old_clearing,0.5728867637614409,0.11788121621649399,0.3894060850143432,0.8257261514663696,0.4363200664520264,0.8257261514663696,0.4501554667949676,-0.37557068467140203,-0.21440422534942633,-0.013877334244873193,0.6525225192308426,0.4932510082920392,-0.15927151093880337,14
-54.62585778157826,-3.519929640612427,old_clearing,0.574998556325833,0.10319917018326655,0.3599391877651214,0.737959623336792,0.3780204355716706,0.737959623336792,0.5165013670921326,-0.22145825624465942,-0.05099818110466009,-0.0108789036196211,0.6614560733238856,0.4885410393277804,-0.17291503399610514,16
-54.54597416042356,-3.5276332571315323,old_clearing,0.7489693984389305,0.10781847212472599,0.5925329923629761,0.906596839427948,0.3140638470649719,0.906596839427948,0.6036328077316284,-0.3029640316963196,-0.07687163352966297,-0.014910111401392055,0.8436577121416727,0.6542810847361883,-0.18937662740548444,21
-54.56063343737937,-3.671814123420958,old_clearing,0.4869796310861905,0.0920973886157495,0.3574776351451874,0.7239199280738831,0.3664422929286957,0.5496994853019714,0.4609115719795227,-0.08878791332244873,-0.13220256567001343,5.752781163092873e-05,0.5091647431254387,0.4647945190469424,-0.04437022407849628,2
-54.6208219315266,-3.521474840928746,old_clearing,0.60264811043938,0.09191641527212281,0.4700917303562164,0.840258777141571,0.37016704678535467,0.840258777141571,0.4700917303562164,-0.37016704678535467,-0.06530475616455078,-0.010181663567605213,0.6599304676055908,0.5453657532731692,-0.11456471433242166,23
-54.56318665860291,-3.676138794026337,old_clearing,0.5262843271096548,0.11650936409171916,0.3060836493968963,0.761925995349884,0.4558423459529877,0.6710289716720581,0.4327830076217651,-0.23824596405029302,-0.14736548066139227,-0.007548689997714485,0.5971623460451762,0.4554063081741333,-0.14175603787104285,16
-54.57001210241451,-3.697607560055931,old_clearing,0.6713988942404588,0.12035410465471802,0.4558078944683075,0.8648349046707153,0.40902701020240784,0.8404529094696045,0.6194431781768799,-0.2210097312927246,-0.2045135200023651,-0.012289684712886783,0.7741723358631134,0.5686254526178042,-0.20554688324530923,13
-54.65544197571327,-3.5407079978119578,old_clearing,0.48112591231862706,0.09257934720984691,0.3220577836036682,0.7249038815498352,0.402846097946167,0.7249038815498352,0.505497932434082,-0.21940594911575317,-0.19549208879470825,-0.007852976386961712,0.5417224665482839,0.4205293580889702,-0.12119310845931375,16
-54.74303200446792,-3.589339349210788,old_clearing,0.7010924915472666,0.12103052048796345,0.4528400301933288,0.8715370297431946,0.4186969995498658,0.8461538553237915,0.5916435718536377,-0.2545102834701538,-0.2976562976837158,-0.012399404204410026,0.7942411601543427,0.6079438229401907,-0.18629733721415198,20
-54.58787551322901,-3.543542945112091,old_clearing,0.5570874648789564,0.15849287868124026,0.3283382356166839,0.8645235300064087,0.5361852943897247,0.8426440358161926,0.5790947079658508,-0.2635493278503418,-0.08768284320831299,-0.013888549169768439,0.6467548534274101,0.4674200763305028,-0.17933477709690732,14
-54.73908003546462,-3.600355908045014,old_clearing,0.6932837975521883,0.14898539024560947,0.4607906639575958,0.8898249864578247,0.4290343225002289,0.8898249864578247,0.5532233715057373,-0.3366016149520874,-0.15162712335586548,-0.018678528964519478,0.8316973398129145,0.554870255291462,-0.27682708452145255,21
-54.54580761458022,-3.52750836646791,old_clearing,0.7489693984389305,0.10781847212472599,0.5925329923629761,0.906596839427948,0.3140638470649719,0.906596839427948,0.6036328077316284,-0.3029640316963196,-0.07687163352966297,-0.014910111401392055,0.8436577121416727,0.6542810847361883,-0.18937662740548444,21
-54.64687640691838,-3.52284444435692,old_clearing,0.6324878806869189,0.1263796369141275,0.3225992023944855,0.8174550533294678,0.4948558509349823,0.8174550533294678,0.6090547442436218,-0.20840030908584595,-0.2659359872341156,-0.012821661130241713,0.7266415456930796,0.5383342156807581,-0.18830733001232147,14
-54.56185841973361,-3.532384179034504,old_clearing,0.6741152914861838,0.14582241078581504,0.4601983428001404,0.885189414024353,0.42499107122421265,0.885189414024353,0.5799198150634766,-0.30526959896087646,-0.15176290273666382,-0.01579365236603695,0.7773158152898153,0.5709147676825523,-0.20640104760726297,10
-54.61291313959491,-3.519386170968442,old_clearing,0.6271891544262568,0.11403520240946645,0.4084872007369995,0.9038175344467164,0.4953303337097169,0.9038175344467164,0.6136255860328674,-0.290191948413849,-0.3016927242279053,-0.008359912841216365,0.6666276901960373,0.5877506186564764,-0.07887707153956092,18
-54.66421469229437,-3.534174464710021,old_clearing,0.48406463613112766,0.09522681558406866,0.3473545908927917,0.7022653818130493,0.3549107909202576,0.7022653818130493,0.3624856173992157,-0.3397797644138336,-0.1671425700187683,-0.00824194897776064,0.5375310132900873,0.43059825897216797,-0.10693275431791938,18
-54.655233385041875,-3.5414703390127693,old_clearing,0.5135616827756166,0.14879470230990313,0.2414995580911636,0.8260869383811951,0.5845873802900314,0.8260869383811951,0.4803711771965027,-0.3457157611846924,-0.10669946670532227,-0.018167277231164583,0.6327127118905386,0.3944106536606948,-0.2383020582298438,19
-54.70247463143939,-3.5916044855499756,old_clearing,0.5316421501338482,0.1595150151676293,0.2735166549682617,0.7610008716583252,0.4874842166900635,0.7485465407371521,0.3669769763946533,-0.3815695643424988,-0.16347527503967285,-0.017627386411894905,0.6734292606512705,0.3898550396164258,-0.2835742210348447,14
-54.73832695942687,-3.635340330365104,old_clearing,0.4177834130823612,0.09882132830105593,0.2602545917034149,0.6687179207801819,0.40846332907676697,0.6687179207801819,0.2602545917034149,-0.40846332907676697,-0.2328131794929505,-0.002312760988007411,0.42652971545855206,0.4090371107061704,-0.01749260475238168,23
-54.72570949639941,-3.5880071088392502,old_clearing,0.5172930968304476,0.07875929823956122,0.3512557446956634,0.6449223160743713,0.29366657137870794,0.623917281627655,0.4820494949817657,-0.14186778664588934,-0.10230344533920288,-0.0055179028536962394,0.5727722470959028,0.46181394656499225,-0.11095830053091055,18
-54.74231075961163,-3.5894172871768784,old_clearing,0.5559976883232594,0.17641535886162643,0.3499018847942352,0.8976466059684753,0.5477447211742401,0.8965869545936584,0.5546558499336243,-0.3419311046600342,-0.46333876252174383,-0.01391579453064046,0.6399023706714312,0.47209300597508747,-0.16780936469634372,13
-54.74146132600333,-3.520766577887257,old_clearing,0.6832243837416172,0.14525427104373187,0.4402864873409271,0.8806122541427612,0.4403257668018341,0.8767198920249939,0.5557963252067566,-0.3209235668182373,-0.14363425970077515,-0.018172811697358644,0.8167138248682022,0.5497349426150322,-0.26697888225317,18
-54.676448545179305,-3.5740802316032743,old_clearing,0.4345827102661133,0.09977101650019837,0.2953285872936249,0.6401149034500122,0.34478631615638733,0.6214196681976318,0.4643226563930511,-0.15709701180458074,-0.1435054242610932,-0.009395802928053814,0.49068160106738407,0.3784838194648425,-0.11219778160254157,9
-54.581819752716946,-3.659379821955539,old_clearing,0.6242124065756798,0.11539610476980587,0.3865814805030823,0.8295875787734985,0.44300609827041626,0.8295875787734985,0.5266716480255127,-0.30291593074798584,-0.38990336656570435,-0.01087001865324766,0.7054032236337662,0.5430215895175934,-0.1623816341161728,3
-54.7152271231446,-3.5935882877282364,old_clearing,0.6570079494267702,0.19140145557929558,0.223819300532341,0.8859485387802124,0.6621292382478714,0.8859485387802124,0.5729777812957764,-0.31297075748443604,-0.3453620821237564,-0.020263710598582778,0.8196950803200403,0.4943208185335,-0.32537426178654033,14
-54.57482373623372,-3.5315006856223747,old_clearing,0.6794806309044361,0.1394042524646739,0.4169692993164062,0.8870967626571655,0.47012746334075933,0.8870967626571655,0.5866302847862244,-0.30046647787094116,-0.047877818346023615,-0.016996193204237033,0.8009380598862966,0.5580232019225756,-0.24291485796372103,17
-54.66997362558604,-3.6289747710773432,old_clearing,0.43467397553225356,0.10785717948768775,0.2337213009595871,0.6842891573905945,0.4505678564310074,0.5127898454666138,0.2337213009595871,-0.2790685445070267,-0.14544320106506348,-0.010440327998088741,0.5112135410308838,0.3581344100336234,-0.1530791309972604,23
-54.70597957512281,-3.650301222327223,old_clearing,0.5796988109747568,0.11501242968191129,0.3767014443874359,0.7828149795532227,0.40611353516578674,0.7828149795532227,0.3767014443874359,-0.40611353516578674,-0.14284741878509521,-0.012285135284714052,0.6550637235244116,0.5043338984251022,-0.15072982509930932,23
-54.732459205008354,-3.651599903175989,old_clearing,0.5158289223909378,0.06582451367150755,0.4050925970077514,0.7075670957565308,0.30247449874877935,0.7075670957565308,0.4050925970077514,-0.30247449874877935,-0.157160222530365,-0.004569502783858252,0.5382314225037893,0.49342642227808636,-0.04480500022570294,23
-54.570110966647626,-3.664360511609161,old_clearing,0.5349844694137573,0.12514640875922467,0.3362725377082824,0.7284796833992004,0.392207145690918,0.7075448632240295,0.3662613928318023,-0.34128347039222723,-0.1516069769859314,-0.013849656504133438,0.6357914755741755,0.4341774632533391,-0.20161401232083637,21
-54.612793559858474,-3.5562155149803165,old_clearing,0.6804684735834599,0.12166488707653263,0.4797545969486236,0.8474945425987244,0.36773994565010076,0.8474945425987244,0.5675315856933594,-0.279962956905365,-0.1254281997680664,-0.01399929224149039,0.7892366747061411,0.5717002724607786,-0.21753640224536253,18
-54.66328660495552,-3.5065307097502,old_clearing,0.5543728259702524,0.09974818854251646,0.3601821064949035,0.7253521084785461,0.36517000198364263,0.7253521084785461,0.4867153167724609,-0.23863679170608526,-0.07558923959732061,-0.008936984292838865,0.5982847114404043,0.5104609405001005,-0.0878237709403038,19
-54.73400289026375,-3.6565596281573023,old_clearing,0.5459802970290184,0.14599498624230547,0.3203474581241607,0.7999526858329773,0.4796052277088166,0.7999526858329773,0.380839854478836,-0.4191128313541413,-0.19563353061676025,-0.012812068928842936,0.6324209248026212,0.4595396692554156,-0.17288125554720563,16
-54.66135960872662,-3.536534182388547,old_clearing,0.5340746256212393,0.09297404625433453,0.3946731090545654,0.6701902747154236,0.2755171656608582,0.6432015299797058,0.4183704555034637,-0.22483107447624212,-0.10226824879646307,-0.010579896115738398,0.6189151604970297,0.44923409074544907,-0.1696810697515806,13
-54.578388377292946,-3.6722370632737498,old_clearing,0.6870711868007978,0.1416836365125359,0.4537142813205719,0.8790882229804993,0.42537394165992737,0.8664166927337646,0.6051446795463562,-0.26127201318740845,-0.21268698573112488,-0.014731886335041204,0.8155517876148224,0.5585905859867731,-0.25696120162804925,13
-54.65762004816239,-3.5725954857715414,old_clearing,0.5745050696035227,0.166145382176513,0.2857142984867096,0.8457976579666138,0.5600833594799042,0.7410030961036682,0.3849982321262359,-0.3560048639774323,-0.18669447302818298,-0.01741552372341569,0.7192239214976629,0.42978621770938236,-0.28943770378828054,14
-54.665672489549685,-3.5329512395837104,old_clearing,0.5557822386423746,0.12088312678025005,0.339455783367157,0.7366914749145508,0.3972356915473938,0.7366914749145508,0.339455783367157,-0.3972356915473938,-0.1582855582237243,-0.013677659864011002,0.6571404139200846,0.45442406336466473,-0.20271635055541987,23
-54.5554086357853,-3.535262601352473,old_clearing,0.5375833436846733,0.11131318838685493,0.3578403294086456,0.747914731502533,0.3900744020938874,0.6695278882980347,0.3578403294086456,-0.3116875588893891,-0.15649291872978216,-0.01001991059469139,0.6226010719935099,0.45256561537583667,-0.17003545661767322,23
-54.73338273747829,-3.587708119121609,old_clearing,0.42808952182531357,0.09994553979441044,0.2754563987255096,0.659381091594696,0.38392469286918646,0.5709609985351562,0.331640750169754,-0.23932024836540228,-0.15115931630134583,-0.009304867697798676,0.5027791038155556,0.35339993983507156,-0.149379163980484,19
-54.655220662566144,-3.539038165877279,old_clearing,0.4929357667764028,0.19300959962504716,0.2692857086658478,0.8882394433021545,0.6189537346363068,0.8669551014900208,0.570408821105957,-0.2965462803840637,-0.23681983351707458,-0.01155212938785551,0.5382561683654785,0.4476153651873271,-0.09064080317815143,6
-54.67890836651549,-3.5718856706572404,old_clearing,0.5210359804332256,0.13004651408126,0.3316583037376404,0.7347174286842346,0.40305912494659424,0.7347174286842346,0.4137181341648102,-0.32099929451942444,-0.18145650625228882,-0.014683220373547575,0.6387201944986979,0.40335176636775333,-0.23536842813094455,13
-54.563862805153086,-3.6771462467178626,old_clearing,0.5584764033555984,0.10104365853438713,0.3325772583484649,0.8072763085365295,0.47469905018806463,0.7933402061462402,0.5195993781089783,-0.27374082803726196,-0.1672346591949463,-0.0050890860609386175,0.6031048893928528,0.5138479173183441,-0.08925697207450867,16
-54.65444459356805,-3.5076564097857776,old_clearing,0.4259358768661817,0.09289606243399212,0.2741312682628631,0.6431054472923279,0.3689741790294648,0.6431054472923279,0.4330935180187225,-0.2100119292736054,-0.056395769119262695,-0.009048628988473303,0.4816090042392413,0.3702627494931221,-0.1113462547461192,18
-54.70768711730212,-3.5553431257033536,old_clearing,0.5504629736145338,0.12690350014498636,0.2878787815570831,0.7736114263534546,0.4857326447963715,0.6577120423316956,0.5139248967170715,-0.14378714561462402,-0.4269107282161713,-0.005814783858216309,0.6029683326681455,0.49795761456092197,-0.10501071810722357,4
-54.72927478263844,-3.647405785037255,old_clearing,0.5498343457778295,0.11558633069268061,0.2592592537403106,0.6900349259376526,0.430775672197342,0.6828294396400452,0.5291351079940796,-0.15369433164596558,-0.20547330379486084,0.0005495610185291489,0.5164896051088969,0.5831790864467621,0.06668948133786523,6
-54.68374568274318,-3.644978858269746,old_clearing,0.40704231212536496,0.07623263520846273,0.2688303589820862,0.5857234001159668,0.3168930411338806,0.5857234001159668,0.369616150856018,-0.21610724925994879,-0.18085232377052302,-0.00418764536795408,0.43739914149045944,0.3766854827602704,-0.060713658730189024,4
-54.683069885698494,-3.542161466592631,old_clearing,0.509407427161932,0.08753376876080046,0.3544720411300659,0.6723163723945618,0.31784433126449585,0.6414210796356201,0.4652102291584015,-0.17621085047721863,-0.09383124113082886,-0.008673399803431124,0.5671381379167239,0.4516767164071401,-0.11546142150958377,18
-54.73645748906935,-3.5428638550683473,old_clearing,0.5827092056473097,0.09127953012810065,0.380595326423645,0.790547788143158,0.40995246171951294,0.790547788143158,0.5623831152915955,-0.2281646728515625,-0.19925802946090698,-0.00847060377183167,0.6277492841084799,0.5376691271861395,-0.0900801569223404,20
-54.739083815305776,-3.635149957552364,old_clearing,0.45874036227663356,0.10906385284274173,0.2722149193286896,0.7507853507995605,0.47857043147087097,0.7507853507995605,0.2722149193286896,-0.47857043147087097,-0.27479663491249084,-0.005096169230730628,0.4883137767513593,0.42916694780190784,-0.05914682894945145,23
-54.752646206819534,-3.59161261911874,old_clearing,0.7019496907790502,0.16240130381147216,0.4735190272331238,0.8741017580032349,0.4005827307701111,0.8741017580032349,0.4976625442504883,-0.3764392137527466,-0.07079201936721802,-0.020714031639306414,0.8411633769671122,0.5627360045909882,-0.278427372376124,20
-54.66818834540047,-3.5504280863701436,old_clearing,0.5131316743791103,0.08303044508693927,0.3577416539192199,0.7295039296150208,0.37176227569580084,0.6661878824234009,0.3577416539192199,-0.30844622850418096,-0.23420533537864685,-0.0056591299435366765,0.5440976296861967,0.48216571907202405,-0.061931910614172636,23
-54.71907437210835,-3.515141968526887,old_clearing,0.7168382853269577,0.13574039337406968,0.4085182845592499,0.8932596445083618,0.48474135994911194,0.8932596445083618,0.6103603839874268,-0.28289926052093506,-0.12465527653694153,-0.016268131862515984,0.8366904656092325,0.5969861050446829,-0.2397043605645497,18
-54.6542484108111,-3.522573898146706,old_clearing,0.577516358345747,0.13245740893336538,0.3234090209007263,0.7683358788490295,0.4449268579483032,0.7675204277038574,0.4524089395999908,-0.31511148810386663,-0.0752226710319519,-0.015528867102187602,0.6946159650882086,0.4604167516032855,-0.23419921348492306,14
-54.73394095104784,-3.648901786791867,old_clearing,0.44924700632691383,0.06391484012687852,0.3008635640144348,0.5418145060539246,0.24095094203948975,0.49836066365242,0.3734392821788788,-0.1249213814735412,-0.14071989059448248,-0.003588133570940595,0.4879560520251592,0.4105379606286685,-0.0774180913964907,13
-54.72255012758917,-3.637116222688631,old_clearing,0.49969271570444107,0.085288465985527,0.3435996174812317,0.6552756428718567,0.311676025390625,0.5594686269760132,0.4903984069824219,-0.06907021999359131,-0.09974545240402222,-0.0011730860886366382,0.5164747262994448,0.4829107051094373,-0.03356402119000751,18
-54.69813731826393,-3.633798077945675,old_clearing,0.6445054275294145,0.10739696515486429,0.4270640313625335,0.8589144349098206,0.43185040354728704,0.8589144349098206,0.5941588282585144,-0.26475560665130615,-0.18166455626487737,-0.01115494104831113,0.7048602203528086,0.5841506347060204,-0.12070958564678824,20
-54.70461531555796,-3.5434087675094865,old_clearing,0.6815536158780257,0.11798209800590387,0.4237410128116607,0.8765432238578796,0.4528022110462189,0.8765432238578796,0.5567567348480225,-0.3197864890098572,-0.15726289153099066,-0.01573820125797517,0.7803623974323273,0.5827448343237241,-0.19761756310860312,18
-54.71390990102549,-3.5136519076719974,old_clearing,0.6734814010560513,0.1366762666520883,0.4069505035877228,0.8892943859100342,0.4823438823223114,0.8892943859100342,0.5398951768875122,-0.349399209022522,-0.18640097975730896,-0.017173059284687014,0.7907184759775797,0.5562443261345228,-0.23447414984305692,16
-54.73298431057294,-3.539453174696398,old_clearing,0.4994668799142043,0.0682489526965295,0.4108285903930664,0.6883196234703064,0.27749103307724,0.6883196234703064,0.5403726696968079,-0.14794695377349854,-0.1131436824798584,-0.005659669002760996,0.5359044422705969,0.46302931755781174,-0.07287512471278512,20
-54.719723552871386,-3.513641587044775,old_clearing,0.7068964255352815,0.1224906633497922,0.4665633738040924,0.8904568552970886,0.4238934814929962,0.8904568552970886,0.6128434538841248,-0.27761340141296387,-0.16452643275260925,-0.014411443122055206,0.8160280783971151,0.597764772673448,-0.21826330572366714,17
-54.544732352460464,-3.651616481731068,old_clearing,0.608742835621039,0.10422718867726874,0.4261135458946228,0.7957166433334351,0.36960309743881226,0.7528735399246216,0.4261135458946228,-0.3267599940299988,-0.14656788110733032,-0.008468898016473499,0.6452721481521925,0.5722135230898857,-0.07305862506230676,23
-54.58366346343245,-3.658615450746111,old_clearing,0.6166645400226116,0.11095619504612021,0.4600930213928222,0.7896296381950378,0.32953661680221563,0.7896296381950378,0.534477174282074,-0.25515246391296387,-0.14644473791122437,-0.010979894283025147,0.7094773948192596,0.5238516852259636,-0.18562570959329605,16
-54.61532587015626,-3.5195908332338997,old_clearing,0.6805232527355353,0.13007537880295258,0.3469506800174713,0.8848956823348999,0.5379450023174286,0.8848956823348999,0.5816773176193237,-0.30321836471557617,-0.26355502009391785,-0.015930500121220263,0.7855659325917562,0.5754805728793144,-0.2100853597124418,18
-54.56873892228338,-3.661737357986516,old_clearing,0.5104074211170276,0.09713340053770753,0.2360413521528244,0.6381597518920898,0.40211839973926544,0.6100073456764221,0.4269223511219024,-0.1830849945545197,-0.16230937838554382,-0.0038113387576911603,0.5497549300392469,0.4710599121948083,-0.07869501784443861,15
-54.7394432239665,-3.58893933453098,old_clearing,0.5153950316210588,0.08977274439935588,0.3706111907958984,0.6782299876213074,0.307618796825409,0.6782299876213074,0.3706111907958984,-0.307618796825409,-0.09285062551498413,-0.010734711302363342,0.5951827416817347,0.43560732156038284,-0.15957542012135184,23
-54.694650093776225,-3.601928983460711,old_clearing,0.6104476936161518,0.1481219482336246,0.3685041964054107,0.8883054852485657,0.5198012888431549,0.8883054852485657,0.61980140209198,-0.2685040831565857,-0.2185882329940796,-0.012809182573919685,0.6862352440754572,0.5346601431568464,-0.15157510091861082,18
-54.707815065673614,-3.6008857859468644,old_clearing,0.42951663831869763,0.0839078505076214,0.2618088722229004,0.6761687397956848,0.4143598675727844,0.6761687397956848,0.2618088722229004,-0.4143598675727844,-0.13296246528625488,-0.008444468119870053,0.4746590331196785,0.3843742435177167,-0.09028478960196179,23
-54.714223650593176,-3.5960332355998497,old_clearing,0.5198364766935507,0.11970623798969278,0.2895110547542572,0.6908608675003052,0.401349812746048,0.6372042298316956,0.3546706438064575,-0.28253358602523804,-0.1092481017112732,-0.012827753748582747,0.6234655926624934,0.4162073607246081,-0.20725823193788523,16
-54.689594704644406,-3.5342972025906954,old_clearing,0.5729119765261809,0.06027286572702205,0.4774948060512543,0.6847880482673645,0.20729324221611023,0.6378233432769775,0.543022871017456,-0.09480047225952148,-0.07182437181472778,-0.004900720650735089,0.6148384859164556,0.5309854671359062,-0.0838530187805494,18
-54.57336538974588,-3.683430457260929,old_clearing,0.6760362237691879,0.10983273771685992,0.5254579782485962,0.864975094795227,0.33951711654663086,0.864975094795227,0.5657572150230408,-0.2992178797721863,-0.16572827100753784,-0.01174875036529872,0.766352986296018,0.5857194612423579,-0.18063352505366015,20
-54.70229371892991,-3.597840285392647,old_clearing,0.543347446868817,0.1358090432029182,0.3322734534740448,0.7717083096504211,0.43943485617637634,0.7689735293388367,0.4601204693317413,-0.3088530600070954,-0.11389225721359253,-0.016762092411518076,0.6611518015464147,0.42554309219121933,-0.2356087093551954,18
-54.71329995393294,-3.599445894631761,old_clearing,0.47877463698387146,0.09508103249274938,0.3047342896461487,0.6457545757293701,0.34102028608322144,0.5512595176696777,0.4001138210296631,-0.15114569664001465,-0.08313038945198059,-0.009133217645728055,0.5542148600021998,0.4033344139655431,-0.15088044603665668,17
-54.73351353529074,-3.594521083684666,old_clearing,0.4910033531486988,0.07666341066482607,0.3727544844150543,0.6574162840843201,0.28466179966926575,0.5426546931266785,0.4641211330890655,-0.07853356003761297,-0.14294683933258057,-0.00495779979488122,0.5284536729256312,0.4535530333717664,-0.07490063955386478,15
-54.67534769550117,-3.5455707380339865,old_clearing,0.580078449100256,0.14419035214579728,0.449612408876419,0.8861158490180969,0.4365034401416779,0.8740612268447876,0.5217537879943848,-0.35230743885040283,-0.146772563457489,-0.0159740007571552,0.6765407820542654,0.4836161161462466,-0.19292466590801877,16
-54.581499718467946,-3.656694322379375,old_clearing,0.5811782088130713,0.13750460692705582,0.2136862426996231,0.761289119720459,0.5476028770208359,0.7286537289619446,0.5169300436973572,-0.2117236852645874,-0.10616031289100653,-0.010654255015694548,0.6779174705346426,0.4844389470915,-0.1934785234431426,16
-54.63900270495645,-3.533775542107574,old_clearing,0.47052303825815517,0.11446766490904078,0.2912731468677521,0.7160120606422424,0.42473891377449036,0.7160120606422424,0.4871969819068908,-0.22881507873535162,-0.3259688913822174,-0.0035035690924395562,0.4677348310748736,0.47331124544143677,0.005576414366563143,4
-54.612784924969134,-3.522397525931517,old_clearing,0.46435922260085744,0.08499434536006241,0.3565989732742309,0.7349036931991577,0.3783047199249268,0.5813466310501099,0.3573063015937805,-0.22404032945632935,-0.2860969305038452,-0.006889664206815792,0.507588321963946,0.4211301232377688,-0.08645819872617716,13
-54.666146665181955,-3.5013723576290494,old_clearing,0.4444621143241723,0.05620404387894097,0.3514467179775238,0.5750916004180908,0.22364488244056702,0.4741075932979584,0.391830563545227,-0.08227702975273138,-0.11407032608985906,-0.003952490674412761,0.4778683806459109,0.4110558480024338,-0.06681253264347714,18
-54.55445288579066,-3.534400688870138,old_clearing,0.5700880860288938,0.09164936375473495,0.4524546563625335,0.7746542692184448,0.3221996128559113,0.6518090963363647,0.4967741966247558,-0.15503489971160894,-0.18326804041862493,-0.0027641550613486097,0.6097282245755196,0.530447947482268,-0.07928027709325158,3
-54.72256007356243,-3.5542854703923186,old_clearing,0.4933280361195405,0.11622740871646897,0.2842729985713959,0.735357940196991,0.4510849416255951,0.6821488738059998,0.4611430168151855,-0.22100585699081426,-0.21322700381278992,-0.00629784862632336,0.537090852856636,0.44956521938244504,-0.08752563347419101,14
-54.622162803375,-3.5170866398814926,old_clearing,0.43401478106776875,0.07666741593463788,0.2939841151237488,0.5831969380378723,0.28921282291412354,0.5246586799621582,0.2939841151237488,-0.23067456483840942,-0.1285037100315094,-0.006987128037473415,0.4716308191418648,0.39639874299367267,-0.0752320761481921,23
-54.66237903227194,-3.5096082686021024,old_clearing,0.4192233867943287,0.18332861445373452,0.1835917979478836,0.8963585495948792,0.7127667516469955,0.8963585495948792,0.4493170380592346,-0.44704151153564453,-0.3580085337162018,-0.002516405090041762,0.3922417014837265,0.4462050721049309,0.053963370621204376,8
-54.71331327681192,-3.5850551202246437,old_clearing,0.6300199801723162,0.07772894686558018,0.5220755338668823,0.7896883487701416,0.2676128149032593,0.7896883487701416,0.5220755338668823,-0.2676128149032593,-0.16776180267333984,-0.006438284205353761,0.6654823770125707,0.5945575833320618,-0.07092479368050897,23
-54.552091057027354,-3.524916797742206,old_clearing,0.4468607933570941,0.16783975048937316,0.2327365726232528,0.7449849843978882,0.5122484117746353,0.7449849843978882,0.3737104833126068,-0.37127450108528137,-0.1578344702720642,-0.015788815170526493,0.5607841151456038,0.33293747156858444,-0.22784664357701934,11
-54.68955850654877,-3.5937271015761234,old_clearing,0.6713913890222708,0.13368942242904192,0.427882969379425,0.8886076211929321,0.46072465181350714,0.8886076211929321,0.5897866487503052,-0.29882097244262695,-0.11631360650062567,-0.01662612854138662,0.7865953743457794,0.5561874036987623,-0.23040797064701712,18
-54.63634913751055,-3.5356971140754334,old_clearing,0.5252893157303333,0.09402691922641652,0.3741668164730072,0.7025414109230042,0.32837459444999695,0.6890613436698914,0.4255503416061401,-0.2635110020637513,-0.05118054151535034,-0.012946049791315322,0.6027834763129553,0.44779515514771145,-0.1549883211652438,21
-54.719126681526795,-3.5643525668233647,old_clearing,0.5434060680369536,0.15606763709130922,0.2777777910232544,0.847769021987915,0.5699912309646606,0.847769021987915,0.5172604918479919,-0.3305085301399231,-0.214979350566864,-0.012622819789077906,0.6321451912323633,0.45466694484154385,-0.1774782463908195,13
-54.72827822145727,-3.553824931231036,old_clearing,0.5524800773710012,0.1343630249195913,0.1837837845087051,0.7293978929519653,0.5456141084432602,0.7293978929519653,0.5321304202079773,-0.19726747274398804,-0.26871630549430847,-0.008639862699353155,0.6438356836636862,0.4611244710783164,-0.18271121258536976,13
-54.745254908970026,-3.5461119076874335,old_clearing,0.4853258567551772,0.10885554811671637,0.3535811305046081,0.7480640411376953,0.3944829106330872,0.7480640411376953,0.5,-0.2480640411376953,-0.17054542899131775,-0.0050834857510483585,0.4931284710764885,0.47752324243386585,-0.015605228642622648,8
-54.6839698512733,-3.550325656452136,old_clearing,0.5530716764430205,0.08473341105379256,0.4216701090335846,0.8089567422866821,0.38728663325309753,0.8089567422866821,0.4768028557300567,-0.3321538865566254,-0.16935980319976807,-0.01031255705201105,0.6168118963638941,0.4893314565221469,-0.12748043984174723,18
-54.73359306074333,-3.594740425921475,old_clearing,0.516972403973341,0.07798824108496706,0.3455606400966644,0.6654667854309082,0.31990614533424383,0.540160059928894,0.4529715478420257,-0.08718851208686834,-0.1501456201076508,-0.004917259825312551,0.5569177567958832,0.4770270511507988,-0.07989070564508438,15
-54.73674230044844,-3.632092736309548,old_clearing,0.4779968870182832,0.06594857597922603,0.37722048163414,0.6154046058654785,0.2381841242313385,0.5591241121292114,0.4129586219787597,-0.14616549015045172,-0.1187658309936524,-0.0014393500011900145,0.4938063124815623,0.4621874615550041,-0.031618850926558195,4
-54.71355651958903,-3.641610158437661,old_clearing,0.44998924310008687,0.08133822118171437,0.2688600718975067,0.6335078477859497,0.364647775888443,0.6335078477859497,0.3172898888587951,-0.3162179589271546,-0.11291807889938349,-0.007184178012868615,0.5000424484411875,0.3999360377589862,-0.10010641068220133,15
-54.58108907600233,-3.6785219340158455,old_clearing,0.547467790854474,0.17640573430559262,-0.0905027911067009,0.7807341814041138,0.8712369725108147,0.7087260484695435,0.4935251772403717,-0.21520087122917175,-0.3665499985218048,-0.004649797389688697,0.5710300983240207,0.5239054833849272,-0.04712461493909359,8
-54.68969756555628,-3.6374478877225007,old_clearing,0.41435923675696057,0.06439147379671924,0.3167626559734344,0.566011905670166,0.24924924969673162,0.46370530128479,0.3167626559734344,-0.1469426453113556,-0.06187236309051519,-0.000708964207898003,0.4230487321813901,0.405669741332531,-0.017378990848859133,23
-54.6958215042358,-3.538758779836288,old_clearing,0.4965313524007797,0.13144781956160642,0.3021886944770813,0.7991631627082825,0.49697446823120117,0.7991631627082825,0.455700933933258,-0.34346222877502447,-0.2104548215866089,-0.015516802202100315,0.6016768415768942,0.39138586322466534,-0.21029097835222882,18
-54.713906627630585,-3.6352626518779534,old_clearing,0.651194820801417,0.15439575984705603,0.3010781109333038,0.867218017578125,0.5661399066448212,0.867218017578125,0.5155390501022339,-0.3516789674758911,-0.20252209901809692,-0.01352201464383496,0.7331860115130743,0.5692036300897598,-0.16398238142331445,18
-54.699943303819296,-3.576536820700623,old_clearing,0.6130075566470623,0.1172238765598361,0.4069574773311615,0.8701041340827942,0.4631466567516327,0.8508257865905762,0.5665867924690247,-0.2842389941215515,-0.24732530117034912,-0.007519076116706987,0.6517937307556471,0.5742213825384775,-0.07757234821716952,8
-54.57274469851491,-3.665614427472079,old_clearing,0.5289693089822928,0.0885475924823106,0.3595268130302429,0.7027491331100464,0.34322232007980347,0.5296423435211182,0.4888701140880584,-0.04077222943305975,-0.08185476064682007,0.0020316704589387687,0.5172252481182417,0.540713369846344,0.02348812172810233,4
-54.73561566041687,-3.5873302719048152,old_clearing,0.5158876453836759,0.12770560694248867,0.3076323866844177,0.7314649820327759,0.42383259534835815,0.7314649820327759,0.3076323866844177,-0.42383259534835815,-0.11198738217353826,-0.01610640886037245,0.6223733127117157,0.4094019780556361,-0.2129713346560796,23
-54.576593954541046,-3.596273432478589,old_clearing,0.7119153067469597,0.11672670547916915,0.5180908441543579,0.910982072353363,0.3928912281990051,0.910982072353363,0.5820161700248718,-0.3289659023284912,-0.2032773494720459,-0.013901610452195842,0.7989774247010549,0.6248531887928644,-0.17412423590819048,20
-54.71010389418451,-3.5938333725340814,old_clearing,0.27545485210915405,0.037803398443311355,0.2229954600334167,0.3291503190994262,0.10615485906600952,0.3017138242721557,0.2722839415073395,-0.02942988276481623,-0.0736178457736969,0.002798557728528978,0.24865744387110075,0.30225226034720737,0.053594816476106616,4
-54.62363884827521,-3.5665889431444406,old_clearing,0.7167315259575844,0.12152359586043895,0.5645967125892639,0.8918083310127258,0.3272116184234619,0.8918083310127258,0.5645967125892639,-0.3272116184234619,-0.12919878959655762,-0.015411462343257389,0.830750584602356,0.6027124673128128,-0.22803811728954315,23
-54.63771582238897,-3.5345752029812942,old_clearing,0.5792964982489744,0.14669583687317944,0.3625047206878662,0.8361520171165466,0.4736472964286804,0.8349664807319641,0.4981384873390198,-0.33682799339294434,-0.0829070508480072,-0.018350676622079752,0.6954241792360941,0.4631688172618548,-0.2322553619742393,18
-54.724351341041874,-3.557543242135267,old_clearing,0.5876426336665949,0.10766720662663659,0.3792025148868561,0.7798126935958862,0.40061017870903015,0.6827425956726074,0.5388115048408508,-0.1439310908317566,-0.1597250998020172,-0.00892714737550071,0.6708501478036245,0.5044351195295652,-0.1664150282740593,14
-54.719636211334446,-3.5468949741899247,old_clearing,0.5263130689660708,0.10558921920409403,0.3911216259002685,0.7949191927909851,0.4037975668907166,0.7949191927909851,0.4650464653968811,-0.329872727394104,-0.10379862785339355,-0.009748744368553167,0.5858648419380188,0.4667612959941228,-0.119103545943896,16
-54.58003657359708,-3.6600515172990224,old_clearing,0.5585940815508366,0.20690859379864213,0.2177512049674987,0.9067292809486388,0.6889780759811401,0.8947368264198303,0.5863993763923645,-0.3083374500274658,-0.44402945041656483,-0.01586957075025722,0.6840136448542277,0.4331745182474454,-0.25083912660678226,16
-54.7076902020111,-3.6534959274586942,old_clearing,0.6466697206099828,0.1271998528546226,0.4014214277267456,0.8557114005088806,0.454289972782135,0.8342986702919006,0.5452287793159485,-0.28906989097595215,-0.24338960647583008,-0.012448645596918832,0.7453919947147369,0.5479474465052286,-0.1974445482095083,14
-54.69484462520213,-3.5361634671991076,old_clearing,0.6874167981247107,0.14885362820945588,0.3651685416698456,0.9020020961761476,0.536833554506302,0.9020020961761476,0.5743131637573242,-0.32768893241882335,-0.15299126505851746,-0.01854330885669457,0.8174738238255183,0.5573597724239031,-0.26011405140161514,18
-54.72385522795249,-3.5563625674742476,old_clearing,0.6172449824710687,0.13346878964428213,0.3674018383026123,0.8111768364906311,0.4437749981880188,0.7491270303726196,0.5634645819664001,-0.18566244840621948,-0.1902292966842652,-0.012746458533017507,0.7253555208444595,0.5091344440976778,-0.2162210767467817,20
-54.690945322893,-3.5431363626949657,old_clearing,0.6180463582277298,0.1261429079283936,0.4077308773994446,0.8450406789779663,0.43730980157852173,0.8450406789779663,0.5442670583724976,-0.30077362060546875,-0.08022385835647583,-0.01526640842790188,0.7197387218475342,0.5163539946079254,-0.20338472723960876,18
-54.66295873272072,-3.569927094501771,old_clearing,0.5905901255706946,0.20046676086108778,0.1944374144077301,0.8481252789497375,0.6536878645420074,0.8168907165527344,0.4020446538925171,-0.4148460626602173,-0.28167372941970836,-0.023447965733382967,0.7452108065287272,0.435969444612662,-0.30924136191606516,20
-54.591252361358784,-3.542142644291585,old_clearing,0.6190486190219721,0.13151206475091043,0.3363253772258758,0.8204334378242493,0.48410806059837347,0.8204334378242493,0.5106853246688843,-0.309748113155365,-0.19179275631904608,-0.014188619735448245,0.7304673691590627,0.5076298688848814,-0.22283750027418137,14
-54.69941842001828,-3.5900944631101037,old_clearing,0.46715186660488445,0.10516147051393676,0.3195876181125641,0.6602173447608948,0.3406297266483307,0.6514983177185059,0.3625883162021637,-0.28891000151634216,-0.11073136329650879,-0.011492632096228377,0.5458095322052637,0.38849420100450516,-0.15731533120075858,17
-54.705035832310045,-3.64058870044738,old_clearing,0.5066953202088674,0.14821093508195773,0.2818963527679443,0.7442143559455872,0.4623180031776429,0.7361871600151062,0.3612675964832306,-0.3749195635318756,-0.20301762223243713,-0.013948104640711886,0.6048263137539228,0.408564326663812,-0.19626198709011083,17
-54.690227881258,-3.6433071604611937,old_clearing,0.40056150779128075,0.06542083202293478,0.2901000380516052,0.5442278981208801,0.2541278600692749,0.359088659286499,0.4055092930793762,0.0464206337928772,-0.16757592558860784,-0.0031613600642784773,0.4352407207091649,0.3658822948733966,-0.06935842583576834,19
-54.70161820731273,-3.639960755536936,old_clearing,0.6453748929003874,0.10860404844253349,0.4620405435562134,0.8709932565689087,0.4089527130126953,0.6970356106758118,0.5207710266113281,-0.17626458406448364,-0.12964189052581787,-0.005395697109077255,0.6819174662232399,0.608832319577535,-0.07308514664570487,20
-54.71908377969493,-3.5882081297023514,old_clearing,0.47490251002212364,0.1342366289886876,0.2377972453832626,0.7106481194496155,0.47285087406635284,0.7106481194496155,0.4469750821590423,-0.2636730372905732,-0.13738213479518888,-0.012868892543989654,0.5567934475839138,0.3930115724603335,-0.16378187512358028,11
-54.734373786059855,-3.6528981164587218,old_clearing,0.48867809151609737,0.1115519170432879,0.3701047897338867,0.749155580997467,0.3790507912635803,0.749155580997467,0.514499843120575,-0.2346557378768921,-0.14233702421188354,-0.0041349165983821864,0.4973168795307477,0.480039303501447,-0.01727757602930069,6
-54.58833723973449,-3.546611380323508,old_clearing,0.6781169461707274,0.17769525815826534,0.3055229187011719,0.8950946927070618,0.5895717740058899,0.8950946927070618,0.6023487448692322,-0.2927459478378296,-0.2796093821525574,-0.01770608605250067,0.834521879752477,0.5217120125889778,-0.31280986716349923,13
-54.59169395875422,-3.5623184976958053,old_clearing,0.7120999271670977,0.15785509397858724,0.3585808277130127,0.8919053673744202,0.5333245396614075,0.8919053673744202,0.591093122959137,-0.3008122444152832,-0.0862608551979065,-0.017904334457024277,0.8438365509112676,0.5803633034229279,-0.2634732474883398,17
-54.75278954535901,-3.591368879472777,old_clearing,0.689699150621891,0.1269776985486451,0.5299948453903198,0.8786996603012085,0.34870481491088867,0.8765727877616882,0.5445103645324707,-0.33206242322921753,-0.05705368518829346,-0.016111536207406383,0.7831298311551412,0.5962684700886408,-0.18686136106650042,20
-54.6602246115669,-3.5736640715102985,old_clearing,0.46783321102460224,0.10451696468461123,0.274188369512558,0.6980056762695312,0.42381730675697327,0.6980056762695312,0.4814814925193786,-0.21652418375015264,-0.11628317832946777,-0.008543625266655605,0.5320546254515648,0.40361179659763974,-0.12844282885392505,14
-54.744222354844894,-3.636208570590687,old_clearing,0.5420923021932443,0.09706920714519024,0.3875114917755127,0.7724039554595947,0.38489246368408203,0.5710790753364563,0.5050325393676758,-0.06604653596878052,-0.18102487921714788,-3.058211958927034e-05,0.5729704350233078,0.5112141693631808,-0.06175626566012704,4
-54.74825370530601,-3.641211596623629,old_clearing,0.5030620234707991,0.05317606879657193,0.3782969117164612,0.6279257535934448,0.24962884187698364,0.490601509809494,0.4728682041168213,-0.01773330569267273,-0.07128661870956421,0.0026516880289368158,0.4958404203255971,0.5102836266160011,0.01444320629040402,4
-54.58924256712208,-3.548967334927925,old_clearing,0.6863062630097071,0.1652750314721758,0.3568588495254516,0.8905574083328247,0.533698558807373,0.8905574083328247,0.5759044289588928,-0.3146529793739319,-0.19524982571601868,-0.018583356478939873,0.831317181388537,0.5412953446308771,-0.2900218367576599,18
-54.64115535173729,-3.5208552225070537,old_clearing,0.6994881853461266,0.11724138641333749,0.5605825781822205,0.8938096165657043,0.3332270383834839,0.8938096165657043,0.5957728028297424,-0.2980368137359619,-0.06151348352432251,-0.015285256815993237,0.8068975557883581,0.592078814903895,-0.21481874088446307,13
-54.71972616309563,-3.5847626381903264,old_clearing,0.45120102415482205,0.1294232505710198,0.2594124972820282,0.7094533443450928,0.4500408470630646,0.7094533443450928,0.4242819845676422,-0.28517135977745056,-0.09053847193717957,-0.0131200890696567,0.5271311402320862,0.37527090807755786,-0.15186023215452832,11
-54.747774298979834,-3.5458894334085156,old_clearing,0.6232527879377207,0.09773777459450979,0.4196951985359192,0.8566157221794128,0.43692052364349365,0.8566157221794128,0.5468395352363586,-0.3097761869430542,-0.092315673828125,-0.01189460400653922,0.6921936819950739,0.5543118938803673,-0.13788178811470664,18
-54.63322647498981,-3.5374193188152843,old_clearing,0.5675900441904863,0.12835987903165652,0.3246554434299469,0.8138551115989685,0.4891996681690216,0.7962308526039124,0.5681487917900085,-0.2280820608139038,-0.12917882204055786,-0.011775045356024855,0.6359849522511164,0.4991951361298561,-0.1367898161212603,18
-54.624069965106195,-3.5158884013508724,old_clearing,0.5148686543107033,0.07853603425338972,0.3308466970920563,0.6254721879959106,0.29462549090385437,0.5343973636627197,0.3308466970920563,-0.20355066657066345,-0.1978333294391632,-0.0050655912057213,0.5478742271661758,0.4818630814552307,-0.06601114571094513,23
-54.68853414131189,-3.5026111318236963,old_clearing,0.6828585167725881,0.1371376829141068,0.4177080690860748,0.8720366954803467,0.4543286263942719,0.8720366954803467,0.6047197580337524,-0.26731693744659424,-0.1319795846939087,-0.015905165361321475,0.8027826646963755,0.5629343688488007,-0.23984829584757483,18
-54.60985731077227,-3.5601228776742135,old_clearing,0.48397915065288544,0.14946023848549775,0.2417244017124176,0.7551393508911133,0.5134149491786957,0.7551393508911133,0.4016282260417938,-0.35351112484931946,-0.3686780035495758,-0.009664445908173268,0.556720865269502,0.4112374360362689,-0.14548342923323315,21
-54.6582069434906,-3.50457816242912,old_clearing,0.5431863851845264,0.08675133910684758,0.4270462691783905,0.795564591884613,0.36851832270622253,0.795564591884613,0.4270462691783905,-0.36851832270622253,-0.16576409339904785,-0.009072340040103224,0.5888218432664871,0.49755092710256577,-0.09127091616392136,23
-54.736702376852975,-3.5930598388106456,old_clearing,0.6324932662149271,0.1294338978778517,0.3907875120639801,0.8592750430107117,0.46848753094673157,0.8592750430107117,0.5067458152770996,-0.35252922773361206,-0.19398069381713867,-0.013134210589139347,0.7400373419125875,0.5249491905172666,-0.2150881513953209,17
-54.70564517655948,-3.5913508429238323,old_clearing,0.5902577464779218,0.13701913137797544,0.3506944477558136,0.8573797941207886,0.506685346364975,0.8573797941207886,0.5594670176506042,-0.2979127764701843,-0.3048582077026367,-0.012371931801671548,0.6726208900411924,0.5078946029146513,-0.16472628712654114,14
-54.69665280842232,-3.5399124612011907,old_clearing,0.45077502230803174,0.10187838255125001,0.2689891457557678,0.5924822092056274,0.3234930634498596,0.5662187933921814,0.4513019621372223,-0.1149168312549591,-0.09704434871673584,-0.009720857894938923,0.5220377569397291,0.3795122876763344,-0.1425254692633947,17
-54.65608745696558,-3.539318176028059,old_clearing,0.4210987103482087,0.13025241443935462,0.2682551741600036,0.7746192812919617,0.506364107131958,0.7236342430114746,0.411887377500534,-0.3117468655109406,-0.44773849844932556,-0.005002679008504612,0.43957730382680893,0.4026201168696086,-0.03695718695720035,4
-54.55113551299697,-3.648080612119279,old_clearing,0.49332309514284134,0.15057658799815318,0.2418524920940399,0.813236653804779,0.5713841617107391,0.5471698045730591,0.2689407467842102,-0.2782290577888489,-0.26774513721466064,-0.012371312664902717,0.5957234303156534,0.3909227599700292,-0.20480067034562427,16
-54.549085170847064,-3.6539933108413,old_clearing,0.5674072156349818,0.11618122085941301,0.2825666666030884,0.7932063937187195,0.5106397271156311,0.6946848034858704,0.2825666666030884,-0.412118136882782,-0.11855390667915344,-0.0109558632062829,0.6447193473577499,0.4900950839122136,-0.15462426344553631,23
-54.73726953109604,-3.639222343672042,old_clearing,0.4930398315191269,0.1302327488449969,0.0988654792308807,0.7283105254173279,0.6294450461864471,0.5168601274490356,0.3311661779880523,-0.18569394946098333,-0.44209238886833196,-0.0026159925823626283,0.5358883738517761,0.45019128918647766,-0.08569708466529846,3
-54.70187080289137,-3.589902417495659,old_clearing,0.5170699382821718,0.1341437033250484,0.3372093141078949,0.8078857064247131,0.47067639231681824,0.8078857064247131,0.3386773467063904,-0.46920835971832275,-0.13727295398712158,-0.01514480987320774,0.6277491499980291,0.4063907265663147,-0.2213584234317144,18
-54.61937298528084,-3.566256693819731,old_clearing,0.7069658860564232,0.13645527825713305,0.5248412489891052,0.8699690699577332,0.34512782096862793,0.8655506372451782,0.5551562905311584,-0.3103943467140198,-0.1484750509262085,-0.016792232135067794,0.8350667357444763,0.5788650363683701,-0.25620169937610626,16
-54.70779557330304,-3.65483421603654,old_clearing,0.516539890319109,0.1382904810197351,0.2959641218185425,0.8032973408699036,0.5073332190513611,0.8032973408699036,0.4954890012741089,-0.3078083395957947,-0.1463972926139832,-0.012858339301917857,0.5982179368535677,0.43486184378465015,-0.16335609306891757,14
-54.7185703123286,-3.5575060121065447,old_clearing,0.47919534519314766,0.09036648656974178,0.2873563170433044,0.6457246541976929,0.3583683371543885,0.5765509605407715,0.3688669204711914,-0.20768404006958008,-0.12810796499252325,-0.006123733663040652,0.5253153890371323,0.43307530134916306,-0.09224008768796921,6
-54.621699972483675,-3.517310870086773,old_clearing,0.42015054697791737,0.08170292863075358,0.2911490797996521,0.608022928237915,0.31687384843826294,0.5384615659713745,0.2911490797996521,-0.2473124861717224,-0.1404439806938172,-0.007764324403327432,0.45828267683585483,0.38201841711997986,-0.07626425971587497,23
-54.741544565973555,-3.656266217471789,old_clearing,0.5037257162233194,0.09923489266168688,0.396039605140686,0.7262924909591675,0.3302528858184815,0.7262924909591675,0.4345256686210632,-0.2917668223381043,-0.11323761940002447,-0.010056354779264177,0.5723084410031637,0.43514299144347507,-0.13716544955968862,13
-54.72852559623511,-3.5601949461823317,old_clearing,0.5549845596154531,0.12986746576491429,0.3612027764320373,0.7958586812019348,0.4346559047698975,0.7958586812019348,0.5138531923294067,-0.2820054888725281,-0.33387297391891485,-0.005900107000185081,0.6104942212502161,0.49947489798069,-0.11101932326952613,3
-54.74329126400559,-3.655114250027847,old_clearing,0.6394957800706228,0.13754217789123202,0.3847688734531402,0.8117048144340515,0.4269359409809113,0.8112830519676208,0.5704327821731567,-0.2408502697944641,-0.17592543363571167,-0.013060398205466874,0.7553227891524633,0.5236687709887823,-0.23165401816368103,16
-54.7132356622366,-3.652635152066307,old_clearing,0.574891459196806,0.11055696378436884,0.3611966669559479,0.8814882636070251,0.5202915966510773,0.8814882636070251,0.468161940574646,-0.41332632303237915,-0.17377066612243652,-0.01265036952236421,0.6470892230669657,0.5026936953266462,-0.1443955277403195,17
-54.675487318145485,-3.574658890879089,old_clearing,0.3662475887686014,0.10794269593827541,0.1524459570646286,0.6097127795219421,0.45726682245731354,0.6097127795219421,0.3532273769378662,-0.2564854025840759,-0.2102538794279098,-0.011884177217017034,0.44185636440912884,0.290638813128074,-0.15121755128105485,21
-54.582274608719125,-3.676849338670775,old_clearing,0.5042236596345901,0.07730264031994832,0.3667987585067749,0.6817798018455505,0.31498104333877563,0.5869626402854919,0.4040233194828033,-0.18293932080268865,-0.17922449111938477,-0.004575483591660192,0.5415533383687338,0.4668939809004466,-0.07465935746828717,3
-54.62140738478705,-3.497966270947411,old_clearing,0.5711694794396559,0.07197830623674974,0.4602789580821991,0.7237148284912109,0.26343587040901184,0.6454720497131348,0.5254413485527039,-0.12003070116043091,-0.07476431131362915,-0.008144336899985423,0.6179131120443344,0.5244258468349775,-0.0934872652093569,16
-54.70707631177755,-3.654991325534232,old_clearing,0.6433204151690006,0.10660376478604655,0.4638694524765014,0.8694943189620972,0.40562486648559576,0.8694943189620972,0.6028506755828857,-0.2666436433792114,-0.14217272400856018,-0.009284038090187562,0.7050107792019844,0.5816300511360168,-0.12338072806596756,14
-54.74117905659955,-3.643663728563414,old_clearing,0.5098921159903208,0.1012333188813475,0.3197115361690521,0.7512043118476868,0.43149277567863464,0.5433509945869446,0.4202702641487121,-0.12308073043823248,-0.12111479043960571,0.0003622532927471661,0.5188172633449236,0.500966968635718,-0.017850294709205627,6
-54.729324409404136,-3.647118080382089,old_clearing,0.5398546233773232,0.19286488644326374,0.1184995770454406,0.7614233493804932,0.6429237723350526,0.7614233493804932,0.5942848920822144,-0.1671384572982788,-0.28422641754150396,0.004654036449349452,0.4542602052291234,0.6254490415255228,0.17118883629639942,6
-54.70586880157738,-3.5868954205007326,old_clearing,0.5319056113560995,0.1069119392766419,0.3127147853374481,0.7486390471458435,0.4359242618083954,0.7486390471458435,0.4912136495113373,-0.2574253976345062,-0.17331129312515264,-0.006711139419804426,0.5886613378922144,0.47514988481998444,-0.11351145307222998,18
-54.65441150081567,-3.505620650252559,old_clearing,0.5549197942018509,0.14665453281346771,0.3532934188842773,0.889192521572113,0.5358991026878357,0.889192521572113,0.4552170038223266,-0.43397551774978643,-0.39556968212127686,-0.013851938895557218,0.6127585371335348,0.49708105127016705,-0.11567748586336773,19
-54.71260867561329,-3.651852006618207,old_clearing,0.4688599742949009,0.10579938734785017,0.3711583912372589,0.8825271725654602,0.5113687813282013,0.8825271725654602,0.4353355467319488,-0.4471916258335114,-0.4636930823326111,-0.0008747234940528843,0.4565366730093956,0.4811832755804062,0.02464660257101059,17
-54.582856133555815,-3.6575091082961153,old_clearing,0.5497130205233892,0.09539604029358596,0.3646288216114044,0.7146974205970764,0.350068598985672,0.7013320922851562,0.4373770356178283,-0.26395505666732794,-0.10753136873245239,-0.006975607846094183,0.6090435038010279,0.4903825372457504,-0.11866096655527747,16
-54.73427395087884,-3.648412055027507,old_clearing,0.4375448028246562,0.061772198813727766,0.3198150098323822,0.5389663577079773,0.2191513478755951,0.5389663577079773,0.3556050360202789,-0.18336132168769842,-0.15309649705886846,-0.00393445489199264,0.4744280328353246,0.40066157281398773,-0.07376646002133685,13
-54.674689773467264,-3.537490349589218,old_clearing,0.6510488651692867,0.13711420402861438,0.3716011941432953,0.8088332414627075,0.43723204731941223,0.7775713801383972,0.5434646606445312,-0.23410671949386597,-0.05098980665206909,-0.01596541286810582,0.7728162209192911,0.5292815094192823,-0.24353471150000883,18
-54.66051239910653,-3.5390137665929142,old_clearing,0.6745543306072553,0.11073341453839686,0.4918440580368042,0.860851526260376,0.3690074682235718,0.860851526260376,0.5808228254318237,-0.28002870082855225,-0.06426209211349487,-0.0145773760391318,0.7710405538479487,0.5780681073665619,-0.19297244648138678,17
-54.74913171478742,-3.6419282752421296,old_clearing,0.4630804769694805,0.06626627617936093,0.3371903896331787,0.5642110109329224,0.22702062129974365,0.5059847831726074,0.3371903896331787,-0.1687943935394287,-0.11334660649299622,-0.003937350679998799,0.4885294536749522,0.4376315002640088,-0.050897953410943386,23
-54.71763538663014,-3.602800627708852,old_clearing,0.3798302859067917,0.12653989969343352,0.1852340102195739,0.6691569089889526,0.4839228987693788,0.6460127830505371,0.4264117479324341,-0.21960103511810303,-0.26834049820899963,-0.005101041158904196,0.3906537468234698,0.36900682499011356,-0.02164692183335626,11
-54.696893199617726,-3.5453184942067897,old_clearing,0.703297651062409,0.13546633036393288,0.4121929109096527,0.8792878985404968,0.4670949876308441,0.8644960522651672,0.6147021651268005,-0.2497938871383667,-0.14136847853660583,-0.016442613329576396,0.8246261527140936,0.5819691494107246,-0.24265700330336892,18
-54.60520043486254,-3.558256047342309,old_clearing,0.6746435438593229,0.11809789445570905,0.410601258277893,0.8579545617103577,0.44735330343246466,0.8579545617103577,0.5641279220581055,-0.2938266396522522,-0.1285746693611145,-0.013083358666171172,0.7752374509970347,0.574049636721611,-0.20118781427542365,18
-54.744010523606455,-3.500111115849799,old_clearing,0.6451939853529135,0.10061458284080896,0.4120292365550995,0.782201886177063,0.3701726496219635,0.7391716241836548,0.5726405382156372,-0.16653108596801758,-0.09898334741592407,-0.011151139697302923,0.7308967510859171,0.5594912196199099,-0.17140553146600723,15
-54.65355447170654,-3.5225129670620703,old_clearing,0.5656693987548351,0.09178468006912928,0.3694863617420196,0.709314227104187,0.3398278653621674,0.709314227104187,0.4796411395072937,-0.2296730875968933,-0.056738585233688354,-0.010004075519416612,0.6429852843284607,0.48835351318120956,-0.15463177114725113,14
-54.70011860722958,-3.58364059660606,old_clearing,0.5646603479981422,0.11711027717160874,0.366483211517334,0.7647918462753296,0.3983086347579956,0.4593228995800018,0.4538878798484802,-0.005435019731521551,-0.056071698665618896,-0.008207155932550846,0.6297396173079809,0.49958107868830365,-0.13015853861967724,21
-54.71070280519737,-3.546213986735409,old_clearing,0.5600091144442558,0.117874743530438,0.3560432493686676,0.7711783647537231,0.41513511538505554,0.6939752697944641,0.3560432493686676,-0.3379320204257965,-0.1674821972846985,-0.012152271944543571,0.6593046387036642,0.46071359018484753,-0.19859104851881665,23
-54.66449694023057,-3.545155667177449,old_clearing,0.6556699015200138,0.10528217740088486,0.4747710227966308,0.8482043743133545,0.3734333515167237,0.8482043743133545,0.5013157725334167,-0.34688860177993774,-0.0726618766784668,-0.014331186685873097,0.7389438996712366,0.572395903368791,-0.16654799630244566,22
-54.689658030387264,-3.635950729534829,old_clearing,0.5440979264676571,0.18204026246980176,0.20197793841362,0.7961071729660034,0.5941292345523834,0.778107225894928,0.4235062301158905,-0.3546009957790375,-0.16933166980743408,-0.018299748003482785,0.6938278625408808,0.3943679903944333,-0.2994598721464475,15
-54.68580764235,-3.5451841743575816,old_clearing,0.39191665065785247,0.09985912791916939,0.2344296723604202,0.6193088293075562,0.3848791569471359,0.6193088293075562,0.3293987512588501,-0.28991007804870605,-0.0528434813022613,-0.008853737174168876,0.42283612365523976,0.36099717766046524,-0.06183894599477452,9
-54.69288142803588,-3.5856380470841653,old_clearing,0.49012216553092003,0.2246018826285232,0.1735256612300872,0.7528189420700073,0.5792932808399202,0.7330530881881714,0.1735256612300872,-0.5595274269580842,-0.189764142036438,-0.02619570060916569,0.6897224336862564,0.29052189737558365,-0.39920053631067276,23
-54.57341039980197,-3.6836433730960225,old_clearing,0.651773564517498,0.09397994284626103,0.5322396159172058,0.8473895788192749,0.3151499629020691,0.8110106587409973,0.5322396159172058,-0.2787710428237915,-0.16947388648986816,-0.00938578639341436,0.720905472834905,0.582641656200091,-0.13826381663481402,23
-54.581138032991426,-3.657879729485028,old_clearing,0.5382682047784328,0.10129815539207651,0.3567809164524078,0.6855947375297546,0.32881382107734686,0.6855947375297546,0.4793460965156555,-0.20624864101409912,-0.11567345261573792,-0.009312156866426053,0.6204130301872889,0.45612337936957675,-0.16428965081771213,16
-54.57843438930186,-3.6733199957506217,old_clearing,0.6814624642332395,0.1252189090883727,0.4359526336193084,0.8808120489120483,0.4448594152927399,0.8808120489120483,0.6276954412460327,-0.2531166076660156,-0.2075575590133667,-0.012229390610819263,0.7874981661637624,0.5754267623027166,-0.21207140386104584,13
-54.66136798540052,-3.5720349051859017,old_clearing,0.48831674332420033,0.13262979985921314,0.2749287784099579,0.7619442343711853,0.4870154559612274,0.7619442343711853,0.3244475722312927,-0.4374966621398926,-0.15392059087753296,-0.012251526000707034,0.5779054214557012,0.39872806519269943,-0.1791773562630018,13
-54.711474370647906,-3.5854944742279096,old_clearing,0.4951328920821349,0.09976136949665475,0.340624988079071,0.7192053198814392,0.3785803318023682,0.6252073049545288,0.5077605247497559,-0.11744678020477295,-0.18929016590118414,-0.003045396714106834,0.5341288025180498,0.4561369816462199,-0.07799182087182993,11
-54.63271307314065,-3.5394151935398295,old_clearing,0.5338379653791586,0.08371400437577642,0.4456626176834106,0.726396918296814,0.2807343006134034,0.726396918296814,0.5501511693000793,-0.17624574899673462,-0.06557109951972961,-0.006512605768182989,0.5706095000108083,0.497066430747509,-0.07354306926329934,18
-54.72731748509456,-3.64144297430716,old_clearing,0.5315405366321405,0.11720106118676742,0.3683235645294189,0.7932189106941223,0.4248953461647034,0.6039215922355652,0.4258164763450622,-0.17810511589050299,-0.21244770288467407,-0.009848735837832733,0.62277752161026,0.44030355165402096,-0.18247396995623905,13
-54.71007624570707,-3.6453423325656065,old_clearing,0.4415145342548688,0.08586715693221315,0.2823315262794494,0.5831381678581238,0.30080664157867437,0.5349716544151306,0.3296943306922912,-0.2052773237228394,-0.1947807371616364,-0.0037418742801832035,0.4745988870660464,0.40843018144369125,-0.06616870562235516,14
-54.70740572929467,-3.6372331244388008,old_clearing,0.5013418011367321,0.11407048495084539,0.2745236456394195,0.6875,0.4129763543605805,0.6875,0.304564893245697,-0.382935106754303,-0.1324198842048645,-0.009668101499909938,0.5779276390870413,0.4247559631864229,-0.15317167590061836,14
-54.659056316666906,-3.5731001764341883,old_clearing,0.5402370778222879,0.07045566260306346,0.3575628101825714,0.6774937510490417,0.31993094086647034,0.6774937510490417,0.4605472683906555,-0.21694648265838623,-0.10988306999206543,-0.004854594922584027,0.5859294086694717,0.49454474697510403,-0.09138466169436771,14
-54.718762160784415,-3.638916690146071,old_clearing,0.6338981750110785,0.14021087949083116,0.2997601926326751,0.8098360896110535,0.5100758969783783,0.7330341935157776,0.5322874784469604,-0.20074671506881714,-0.35996654629707336,-0.012529085654279445,0.7268785908818245,0.5409177591403326,-0.18596083174149192,18
-54.56356906901138,-3.527985658155664,old_clearing,0.6206532393892606,0.13989780640898392,0.3187613785266876,0.8291746377944946,0.510413259267807,0.8175948262214661,0.5652987957000732,-0.2522960305213928,-0.2242024838924408,-0.01439083215983013,0.7263504639267921,0.514956014851729,-0.2113944490750631,14
-54.73424083424346,-3.6510121960040856,old_clearing,0.43079714352885884,0.044257553513101386,0.3316831588745117,0.4956722557544708,0.1639890968799591,0.4913868606090545,0.3580104112625122,-0.1333764493465423,-0.09006240963935852,-0.002612871229648593,0.44833015898863476,0.4132641280690829,-0.03506603091955185,4
-54.6856234494303,-3.5337109621168077,old_clearing,0.429392038534085,0.07582731715280054,0.3045695126056671,0.5795207023620605,0.27495118975639343,0.548803448677063,0.3818181753158569,-0.1669852733612061,-0.048962235450744684,-0.007676420302494691,0.48715634147326153,0.3716277355949084,-0.11552860587835312,17
-54.624518825356894,-3.5206811908270557,old_clearing,0.6541239582002163,0.10833044444168759,0.4779381453990936,0.859649121761322,0.38171097636222845,0.859649121761322,0.5723147392272949,-0.2873343825340271,-0.3036691248416901,-0.01214175119348193,0.7323570077617964,0.5758909086386362,-0.15646609912316012,8
-54.712480812098335,-3.5112765236803822,old_clearing,0.7064333371818066,0.13964725115871104,0.4132801592350006,0.8985227942466736,0.485242635011673,0.8985227942466736,0.5565543174743652,-0.34196847677230835,-0.17231681942939758,-0.018487748983113655,0.8291735301415125,0.5836931442221006,-0.2454803859194119,18
-54.7193833368339,-3.5464181622694553,old_clearing,0.3218714253356059,0.04257360924097212,0.2442236095666885,0.4235874116420746,0.17936380207538608,0.2745241522789001,0.2442236095666885,-0.03030054271221158,-0.10210457444190979,-0.002027548713528585,0.3360147376855214,0.3077281129856904,-0.02828662469983101,23
-54.6896780812561,-3.6244507264792256,old_clearing,0.5482613158722719,0.0757163031244616,0.4342431724071502,0.7199581861495972,0.28571501374244695,0.650933027267456,0.4710632562637329,-0.17986977100372314,-0.09568256139755249,-0.004301366145196164,0.5843933348854383,0.5121292968591055,-0.07226403802633286,18
-54.69557683077067,-3.546359468338979,old_clearing,0.508541364222765,0.07399835318292679,0.3804877996444702,0.6769570112228394,0.29646921157836914,0.6769570112228394,0.4801699817180633,-0.19678702950477606,-0.13740307092666626,-0.0029525328071220987,0.5188418626785278,0.4982408657670021,-0.020600996911525726,4
-54.69531427526062,-3.647451167449328,old_clearing,0.5284293157358965,0.12443115027420683,0.2736921906471252,0.7655372619628906,0.49184507131576544,0.6818562746047974,0.4730458259582519,-0.20881044864654547,-0.24592256546020508,-0.009472426500009448,0.6195232967535654,0.4373353347182274,-0.18218796203533805,13
-54.58773233057094,-3.5436800064877647,old_clearing,0.59724560379982,0.11680509783717283,0.3631163239479065,0.8261446356773376,0.46302831172943115,0.8030194044113159,0.5847066640853882,-0.21831274032592773,-0.12415134906768799,-0.010928659957388162,0.6790653268496195,0.5154258807500204,-0.16363944609959913,14
-54.64303036500405,-3.5396157674656825,old_clearing,0.5119698929289976,0.2034969211403572,0.2642008066177368,0.8605539798736572,0.5963531732559204,0.8605539798736572,0.3892028927803039,-0.4713510870933533,-0.13399279117584229,-0.02609232823485913,0.6767404427131017,0.34719934314489365,-0.3295410995682081,18
-54.580166951273064,-3.6598336807695264,old_clearing,0.5643443471441666,0.22226158889543046,0.2333931773900985,0.8929453492164612,0.6595521718263627,0.8908898234367371,0.5998045206069946,-0.29108530282974243,-0.2233969420194626,-0.0161904593978239,0.6789278003076712,0.44976089398066205,-0.22916690632700915,11
-54.71405819914816,-3.6009898144662245,old_clearing,0.5483105468253294,0.12093532729978934,0.3159582912921905,0.7980813384056091,0.48212304711341863,0.7980813384056091,0.4291345775127411,-0.36894676089286804,-0.18118798732757568,-0.013961590619190868,0.6281860843300819,0.46843500932057697,-0.15975107500950497,17
-54.71638164232517,-3.590121920478811,old_clearing,0.6469364960988363,0.12903710879429495,0.4612748324871063,0.7978113889694214,0.33653655648231506,0.7868939638137817,0.5206611752510071,-0.26623278856277466,-0.10619425773620605,-0.01577691005623856,0.7685707410176595,0.5253022511800131,-0.24326848983764648,17
-54.59344549045949,-3.5602881874165138,old_clearing,0.6592078184088072,0.06003537005120584,0.5805231332778931,0.7845719456672668,0.20404881238937378,0.7532946467399597,0.5805231332778931,-0.17277151346206665,-0.04823315143585205,-0.0034273071651873288,0.6711239119370779,0.6472917248805364,-0.023832187056541443,23
-54.72617912700012,-3.60496658183782,old_clearing,0.7423803135752678,0.11036173255452514,0.6117755174636841,0.8981636166572571,0.286388099193573,0.8667858839035034,0.6186479926109314,-0.24813789129257202,-0.10425364971160889,-0.013868329239928206,0.8470894048611323,0.6376712222894033,-0.20941818257172895,16
-54.586242100703714,-3.54265545698968,old_clearing,0.6574993270138899,0.1298671877012024,0.3814195096492767,0.8628048896789551,0.4813853800296784,0.7871413230895996,0.5628763437271118,-0.2242649793624878,-0.22455313801765447,-0.013775099477042294,0.7638557453950247,0.5511429086327553,-0.21271283676226937,14
-54.693177892904735,-3.631263457179927,old_clearing,0.633681520819664,0.19084279341615273,0.2498581409454345,0.8544648289680481,0.6046066880226136,0.7356778383255005,0.3120124936103821,-0.4236653447151184,-0.18455520272254952,-0.02122199366921962,0.7609851062297821,0.5063779354095459,-0.2546071708202362,19
-54.6151693865412,-3.5949813533310273,forest,0.616055354475975,0.15607796926041717,0.3612903356552124,0.875,0.5137096643447876,0.875,0.5346534848213196,-0.3403465151786804,-0.12201195955276489,-0.017604798467262917,0.7419377416372299,0.49017296731472015,-0.25176477432250977,14
-54.619442555101735,-3.516178067086679,forest,0.6132644626001517,0.1272752968604115,0.3932003080844879,0.8482100367546082,0.45500972867012024,0.7566512823104858,0.5517056584358215,-0.2049456238746643,-0.08991816639900208,-0.015891977820707393,0.7175446599721909,0.5089842652281126,-0.20856039474407828,18
-54.735509005280825,-3.5110389656111924,forest,0.6850986070930958,0.14424815713551128,0.357654720544815,0.8985286951065063,0.5408739745616913,0.8985286951065063,0.5846956372261047,-0.3138330578804016,-0.12737521529197698,-0.01831495410722233,0.8081388026475906,0.5620584115386009,-0.24608039110898972,18
-54.66094690680012,-3.5649311058647624,forest,0.6339430299897989,0.2001550287156873,0.3524779975414276,0.8680688142776489,0.5155908167362213,0.8680688142776489,0.4408133625984192,-0.42725545167922974,-0.18943983316421514,-0.024894782836022554,0.8201470573743185,0.44773900260527927,-0.3724080547690392,18
-54.581775987099135,-3.501799950384702,forest,0.6578107898434004,0.11726792090553896,0.5148205757141113,0.8676774501800537,0.3528568744659424,0.8676774501800537,0.5148205757141113,-0.3528568744659424,-0.08058452606201172,-0.01517884505831676,0.7647432039181391,0.5508783757686615,-0.2138648281494776,23
-54.71764350844155,-3.5400974788563544,forest,0.6629885397851467,0.1767549982845591,0.444991797208786,0.900871753692627,0.45587995648384094,0.900871753692627,0.5693646669387817,-0.3315070867538452,-0.09537425637245178,-0.022438514038272513,0.8268055021762848,0.49917157739400864,-0.32763392478227615,13
-54.57251542037265,-3.690224924629825,forest,0.47905848858257133,0.19735776560061746,0.1053782254457473,0.8821721076965332,0.7767938822507859,0.8821721076965332,0.6031783223152161,-0.27899378538131714,-0.5028395652770996,-0.00046435219438178266,0.4652389871577422,0.4928779900074005,0.027639002849658312,4
-54.599181887962885,-3.6290549357606903,forest,0.657975914577643,0.1523202020163462,0.3946816027164459,0.8798778653144836,0.4851962625980377,0.8598130941390991,0.5177865624427795,-0.3420265316963196,-0.1265873908996582,-0.018897911595261604,0.792473574479421,0.5234782546758652,-0.26899531980355584,15
-54.62028064170591,-3.597190360792227,forest,0.6064047229786714,0.14957095538268722,0.3914135992527008,0.8829850554466248,0.49157145619392395,0.8829850554466248,0.5805555582046509,-0.3024294972419739,-0.08343946933746338,-0.01659808069467543,0.7168297817309698,0.495979664226373,-0.22085011750459677,16
-54.69805154958267,-3.672955727599203,forest,0.6369515185554823,0.139978880527912,0.4444444477558136,0.8616466522216797,0.4172022044658661,0.833776593208313,0.5131534934043884,-0.32062309980392456,-0.14238786697387695,-0.015623445459034133,0.7538526405890783,0.5200503965218862,-0.23380224406719208,14
-54.62244199197308,-3.629717829720093,forest,0.5731358304619789,0.20247917981548555,0.3263570964336395,0.8895955085754395,0.5632384121417999,0.8895203471183777,0.5629233717918396,-0.3265969753265381,-0.2036401927471161,-0.013484904791997808,0.6424192438522974,0.5038524170716604,-0.13856682678063703,8
-54.706673312358824,-3.5616229814588194,forest,0.4906508227189382,0.1799453823092871,0.2672998607158661,0.8628205060958862,0.5955206453800201,0.8620445728302002,0.439383327960968,-0.4226612448692322,-0.12875026464462286,-0.01654151393019632,0.5551419878999392,0.42615965753793716,-0.12898233036200202,11
-54.61263008684671,-3.5921663415286007,forest,0.6110133963326613,0.16473933302116164,0.3954176008701324,0.8969359397888184,0.5015183389186859,0.8969359397888184,0.495593786239624,-0.40134215354919434,-0.16948872804641724,-0.02022837741219477,0.7530018538236618,0.4690249388416608,-0.283976914982001,14
-54.56300843662683,-3.622917153711716,forest,0.6202984191477299,0.16365073219028675,0.4031327366828918,0.906906008720398,0.5037732720375061,0.9022881984710692,0.6021326184272766,-0.3001555800437926,-0.34773778915405273,-0.014830513687237425,0.7377128899097443,0.5028839483857155,-0.23482894152402878,17
-54.58282740574614,-3.684972118413561,forest,0.6590560550491015,0.14687790366485004,0.4993742108345032,0.8970245718955994,0.3976503610610962,0.8926880359649658,0.5542691946029663,-0.3384188413619995,-0.18255919218063354,-0.018258846764979148,0.787511537472407,0.530600572625796,-0.256910964846611,13
-54.6020337811923,-3.502310517233614,forest,0.5950543967386087,0.14311712779889266,0.3600722551345825,0.8649024963378906,0.5048302412033081,0.8649024963378906,0.5148970484733582,-0.35000544786453247,-0.17113202810287476,-0.01716514174057087,0.7117335647344589,0.47837522874275845,-0.23335833599170047,18
-54.580680356742434,-3.584067056137988,forest,0.7074754995604357,0.1614775416717861,0.4734990000724792,0.8907744288444519,0.4172754287719727,0.8907744288444519,0.523080050945282,-0.3676943778991699,-0.07016658782958984,-0.020748875724232695,0.8459699004888535,0.5689810986320177,-0.2769888018568357,21
-54.624646787134566,-3.6293420901126106,forest,0.6298270399371783,0.15732364209914487,0.4113842248916626,0.9020978808403016,0.490713655948639,0.8729338645935059,0.5335413217544556,-0.3393925428390503,-0.06138259172439575,-0.018448444086572383,0.7489612847566605,0.5106927951176962,-0.2382684896389643,15
-54.614102956348376,-3.5459209233637345,forest,0.6507691964507103,0.1498856094407562,0.3768439888954162,0.8752014636993408,0.4983574748039246,0.8475857973098755,0.546348512172699,-0.3012372851371765,-0.21856439113616943,-0.016381539443264828,0.7581774145364761,0.5433609783649445,-0.21481643617153168,8
-54.55035430377642,-3.6015074165999135,forest,0.6877422506610552,0.13396534385289666,0.4767312407493591,0.8589401245117188,0.3822088837623597,0.8589401245117188,0.5178571343421936,-0.34108299016952515,-0.08898603916168213,-0.01743005519327909,0.7949953724940618,0.5804891288280487,-0.21450624366601312,21
-54.73773918684531,-3.580828409853803,forest,0.48445836268365383,0.15974332431887803,0.1915298551321029,0.7911353707313538,0.5996055155992508,0.7911353707313538,0.4445312619209289,-0.34660410881042486,-0.13329988718032837,-0.014908662548531647,0.5489715822041035,0.4199451431632042,-0.12902643904089928,11
-54.68424401773885,-3.5537940253703177,forest,0.5018887259066105,0.09658410646051985,0.3643013834953308,0.7928286790847778,0.428527295589447,0.7928286790847778,0.4068199694156647,-0.38600870966911316,-0.10220181941986084,-0.009700242682643533,0.5516558686892191,0.4521215831240018,-0.09953428556521732,18
-54.7132383752243,-3.6668494106315297,forest,0.7010087209443251,0.15672603521522807,0.3297209441661834,0.8970268368721008,0.5673058927059174,0.8970268368721008,0.579996645450592,-0.3170301914215088,-0.2775138020515442,-0.016628778900789138,0.8424289027849833,0.5595885391036669,-0.2828403636813164,13
-54.741007151500234,-3.5253520127292237,forest,0.6477213812371095,0.16582657988853203,0.367106169462204,0.8666666746139526,0.49956050515174866,0.8572307825088501,0.5379868745803833,-0.3192439079284668,-0.15498876571655273,-0.02049573215453518,0.7991636445124944,0.4962791179617246,-0.30288452655076986,18
-54.611298915128785,-3.692010706876475,forest,0.6750183242062727,0.16454164492702195,0.445040225982666,0.8832356333732605,0.4381954073905945,0.8668128252029419,0.587985634803772,-0.2788271903991699,-0.1887884140014649,-0.018055530773556736,0.8263508081436157,0.5236858402689298,-0.3026649678746859,17
-54.744341538872376,-3.588265140704989,forest,0.6988278776407242,0.10121148049664593,0.5227164030075073,0.843348503112793,0.32063210010528564,0.7905566096305847,0.5743706822395325,-0.21618592739105225,-0.13655805587768555,-0.011348455833352124,0.7887062529722849,0.6089495023091634,-0.17975675066312147,18
-54.693493119742655,-3.5806547299136144,forest,0.6520336164782444,0.16650142769478649,0.1898238807916641,0.8884826302528381,0.698658749461174,0.8884826302528381,0.6352682113647461,-0.25321441888809204,-0.15923017263412476,-0.007731323948372942,0.692389735331138,0.611677497625351,-0.08071223770578706,8
-54.6630791648638,-3.5153374875379493,forest,0.6159160162011782,0.15329272753149575,0.4060131907463074,0.8916817903518677,0.4856685996055603,0.8916817903518677,0.4961525499820709,-0.39552924036979675,-0.0821806788444519,-0.019502543599709196,0.7467694183190664,0.4850626140832901,-0.2617068042357763,16
-54.692438197007725,-3.5641709263122214,forest,0.5788460026184717,0.14586917839309888,0.3978005349636078,0.8649561405181885,0.4671556055545807,0.8649561405181885,0.5321983695030212,-0.33275777101516724,-0.0756993293762207,-0.01636650953603825,0.6767771542072296,0.48091485102971393,-0.19586230317751568,18
-54.553848506418326,-3.552185074196718,forest,0.6388279081632694,0.17623922706770542,0.238386645913124,0.8687459230422974,0.6303592771291734,0.8687459230422974,0.4993814527988434,-0.369364470243454,-0.30646616220474243,-0.019723888071982745,0.797425165772438,0.4802306505541007,-0.31719451521833736,13
-54.65695750568728,-3.656001312134548,forest,0.6072031383713087,0.10987927013211096,0.4280098378658294,0.7595959305763245,0.33158609271049505,0.699999988079071,0.4575107395648956,-0.24248924851417547,-0.10260409116744995,-0.012628806518471748,0.7005855788787206,0.5138206978638967,-0.1867648810148239,19
-54.5874967319504,-3.5527291805705956,forest,0.601816127076745,0.200583690519838,0.211903914809227,0.8814000487327576,0.6694961339235306,0.8486977815628052,0.4579872488975525,-0.3907105326652527,-0.21878084540367132,-0.022770558757626486,0.7747716208299001,0.42886063332359,-0.34591098750631016,14
-54.705609192087806,-3.609756941168547,forest,0.6824727902809778,0.11346620258659408,0.5513827204704285,0.886572539806366,0.3351898193359375,0.8760849833488464,0.598948061466217,-0.2771369218826294,-0.09108996391296387,-0.014785508280215052,0.7804801364739736,0.5844654440879822,-0.19601469238599145,16
-54.65744021243664,-3.5347178900054583,forest,0.6763493046164513,0.13999124156063078,0.5178436040878296,0.8953770995140076,0.377533495426178,0.8953770995140076,0.5507826805114746,-0.34459441900253296,-0.06673663854598999,-0.018070200292960446,0.8054184466600418,0.5472801625728607,-0.2581382840871811,13
-54.613231063133185,-3.571366491291989,forest,0.5475940952698389,0.14248309305351012,0.2991552650928497,0.8916311860084534,0.5924759209156036,0.8804877996444702,0.4822376370429992,-0.398250162601471,-0.26749342679977417,-0.014178959908692716,0.6341705645124117,0.4610176260272662,-0.1731529384851455,18
-54.62003451548734,-3.645905984123504,forest,0.6756589214007059,0.14624019434631627,0.4074679613113403,0.8766688108444214,0.4692008495330811,0.8766688108444214,0.5436318516731262,-0.33303695917129517,-0.16882991790771484,-0.016517536381016593,0.7867295444011688,0.5645882984002432,-0.22214124600092566,17
-54.67565774803409,-3.6908675429126583,forest,0.6348108251889547,0.14003358712310035,0.4851398468017578,0.8978549838066101,0.4127151370048523,0.8820577263832092,0.5149797797203064,-0.36707794666290283,-0.2143707275390625,-0.018049791196118197,0.7596643517414728,0.5099572986364365,-0.24970705310503638,21
-54.59261177283757,-3.613400356966037,forest,0.696342408657074,0.1353283318244659,0.5169557332992554,0.8903002142906189,0.3733444809913635,0.8903002142906189,0.5503068566322327,-0.33999335765838623,-0.1490490436553955,-0.015615203847055833,0.7891610364119211,0.6035237809022268,-0.18563725550969434,8
-54.662352328582486,-3.6509287470132743,forest,0.6362348260978857,0.13172832480058394,0.4950366914272308,0.8640565276145935,0.3690198361873627,0.857573926448822,0.5079872012138367,-0.34958672523498535,-0.09701752662658691,-0.016419636490552295,0.743546853462855,0.5289227987329165,-0.2146240547299385,19
-54.70811454370811,-3.582435614086194,forest,0.6725577053924402,0.13494076672410554,0.364280104637146,0.8778289556503296,0.5135488510131836,0.8604651093482971,0.6139659285545349,-0.2464991807937622,-0.140855073928833,-0.008273268251315384,0.7243146821856499,0.6208007285992304,-0.10351395358641946,8
-54.70348939695926,-3.687158229686907,forest,0.674904273202022,0.14289873585379342,0.4956521689891815,0.8844393491744995,0.388787180185318,0.8844393491744995,0.5581912398338318,-0.3262481093406677,-0.09734630584716797,-0.01794236746819121,0.8078326831261317,0.5419758632779121,-0.2658568198482195,14
-54.59649851680382,-3.624706113118727,forest,0.5374472724894682,0.19576811004442832,0.3225613534450531,0.88162761926651,0.5590662658214569,0.8592804670333862,0.4355475902557373,-0.4237328767776489,-0.10409325361251831,-0.024063904946264997,0.6890607352058092,0.38583380977312726,-0.303226925432682,16
-54.67395288322014,-3.613736343696842,forest,0.6590100762744745,0.15283482672115153,0.4112164974212646,0.8876159191131592,0.4763994216918946,0.8876159191131592,0.5337985754013062,-0.353817343711853,-0.13907933235168463,-0.020107884368170844,0.7945946256319681,0.5234255269169807,-0.2711690987149874,16
-54.58699103531838,-3.6358326208120366,forest,0.6742571654419104,0.16395671829583497,0.3620485067367553,0.8969712853431702,0.5349227786064148,0.8969712853431702,0.590705394744873,-0.3062658905982971,-0.12393993139266968,-0.018553242592707905,0.82010717689991,0.5284071539839109,-0.29170002291599906,17
-54.59839275774843,-3.512091031844091,forest,0.5983658209443092,0.1522480795066484,0.3725782334804535,0.8989546895027161,0.5263764560222626,0.8586017489433289,0.5064395666122437,-0.3521621823310852,-0.1978631615638733,-0.019220698216687072,0.7105708618958791,0.4861607799927394,-0.22441008190313977,18
-54.61782636081504,-3.6136637837645953,forest,0.6557755569616953,0.11759236428454761,0.4125182032585144,0.8481541872024536,0.4356359839439392,0.814479649066925,0.5851434469223022,-0.2293362021446228,-0.16977781057357788,-0.013348497048668233,0.7587297956148783,0.5528213183085123,-0.20590847730636597,14
-54.600442055370664,-3.608420526049723,forest,0.6188915086289247,0.13638583560596368,0.3670770525932312,0.858731210231781,0.4916541576385498,0.858731210231781,0.5239184498786926,-0.3348127603530884,-0.20892280340194702,-0.015911719915659515,0.7163663407166799,0.5214166765411695,-0.1949496641755104,18
-54.66711454577837,-3.5949433672854636,forest,0.6604165025055408,0.13523902608637142,0.4448415637016296,0.8614457845687866,0.41660422086715704,0.8610321283340454,0.510948896408081,-0.35008323192596436,-0.09918725490570068,-0.015996205275473373,0.7495392262935638,0.5712937787175179,-0.178245447576046,22
-54.68645553303814,-3.679149956744,forest,0.6953295270601908,0.13933971464024378,0.5027530789375305,0.8910718560218811,0.3883187770843506,0.8505989909172058,0.5777621269226074,-0.2728368639945984,-0.07787507772445679,-0.017363608090773867,0.8169934898614883,0.5736655642588934,-0.24332792560259497,19
-54.66702959889477,-3.675228623774139,forest,0.6434963122010231,0.16444260631329466,0.3275459110736847,0.9004267454147339,0.5728808343410492,0.8498537540435791,0.5290423631668091,-0.32081139087677,-0.20016801357269287,-0.018959326718164523,0.7867533763249716,0.5002392480770746,-0.2865141282478969,14
-54.66791170528891,-3.58861325575731,forest,0.6290078324576219,0.16456977411781873,0.3635633885860443,0.8531935214996338,0.4896301329135895,0.838472843170166,0.4286352396011352,-0.4098376035690308,-0.1362159252166748,-0.019944937138453755,0.737748513619105,0.5202671512961388,-0.21748136232296622,20
-54.56385776375887,-3.692755533790939,forest,0.5837354200581709,0.11699695672425153,0.4075422585010528,0.7839721441268921,0.3764298856258393,0.771649181842804,0.5173342227935791,-0.25431495904922485,-0.1865109503269196,-0.009222337538781341,0.6663936773935953,0.5010771627227465,-0.16531651467084885,15
-54.62570831869961,-3.608452962669985,forest,0.6494689285755157,0.17061387045892543,0.3080660700798034,0.8694489002227783,0.5613828301429749,0.8694489002227783,0.4987592995166778,-0.3706896007061005,-0.26792287826538086,-0.01990961862647013,0.8044147143761317,0.4945231427748998,-0.3098915716012319,13
-54.74594777435917,-3.650090364812256,forest,0.6645143801967303,0.17840182401802665,0.3606755137443542,0.882294774055481,0.5216192603111267,0.8765727877616882,0.5336251258850098,-0.34294766187667847,-0.13500183820724487,-0.02187844095022782,0.8266092638174692,0.5024194965759913,-0.32418976724147797,16
-54.72630294952904,-3.656641170853711,forest,0.6888445094227791,0.12951605102409008,0.4302243590354919,0.8661531209945679,0.435928761959076,0.8655415177345276,0.5473664999008179,-0.3181750178337097,-0.10984271764755255,-0.015387399740841063,0.7911821256081263,0.5865068932374319,-0.2046752323706944,20
-54.69508595130782,-3.619738732923561,forest,0.64077153429389,0.19083309668462636,0.2859943509101867,0.8973491191864014,0.6113547682762146,0.8855140209197998,0.5397618412971497,-0.34575217962265015,-0.5642339289188385,-0.01849372261244317,0.7823383882641792,0.49920468032360077,-0.28313370794057846,18
-54.64419212130222,-3.699802001214723,forest,0.6376385204494,0.13653542933235863,0.4632385969161987,0.8924030065536499,0.4291644096374512,0.8924030065536499,0.4872017204761505,-0.4052012860774994,-0.1986827850341797,-0.01746457785367965,0.7527476747830709,0.522529366115729,-0.23021830866734194,21
-54.717626127874254,-3.68128672287824,forest,0.6761219141383966,0.15867441547524958,0.4452359676361084,0.8695500493049622,0.42431408166885376,0.8695500493049622,0.5367973446846008,-0.33275270462036133,-0.07372051477432251,-0.020726977366468172,0.8162789742151896,0.5359648540616035,-0.28031412015358603,19
-54.64006532014745,-3.6341850259197463,forest,0.58701724310716,0.16582172289284727,0.3792630732059479,0.8519040942192078,0.4726410210132599,0.8468677401542664,0.4506054818630218,-0.39626225829124456,-0.19297590851783752,-0.02048921538435891,0.7328082720438639,0.44122621417045593,-0.29158205787340796,13
-54.640320452793055,-3.6556353395650647,forest,0.6441410121818384,0.1665805977680574,0.3365780711174011,0.87307208776474,0.5364940166473389,0.8654387593269348,0.5576586127281189,-0.3077801465988159,-0.22942590713500977,-0.019017870931521682,0.7987435956796011,0.48953842868407565,-0.3092051669955254,13
-54.720690634697974,-3.5037446952013456,forest,0.6328668010731539,0.14734038294702145,0.4488599300384521,0.8681806921958923,0.41932076215744024,0.8554913401603699,0.5511825084686279,-0.30430883169174194,-0.09728133678436285,-0.01720629594896149,0.7399036486943563,0.5258299534519514,-0.21407369524240494,18
-54.626467951966,-3.57794200965923,forest,0.6445824081699053,0.1495353138743952,0.455268383026123,0.8840773105621338,0.4288089275360108,0.8840773105621338,0.5254039168357849,-0.3586733937263489,-0.12358599901199341,-0.019222814622132652,0.7811796963214874,0.5079851200183233,-0.2731945763031641,19
-54.55509982149154,-3.659197370689192,forest,0.692909725010395,0.15652919869317058,0.469072163105011,0.8983891010284424,0.4293169379234314,0.8983891010284424,0.5242718458175659,-0.37411725521087646,-0.12493669986724854,-0.020186589360237116,0.8283828844626745,0.5574365655581156,-0.2709463189045589,20
-54.62538569928759,-3.615983286939442,forest,0.6431141508122286,0.1447315976135467,0.3706371188163757,0.8623526096343994,0.49171549081802374,0.8500913977622986,0.5169212818145752,-0.3331701159477234,-0.12387192249298096,-0.01740180358938548,0.7552682260672251,0.5309600755572319,-0.2243081505099932,21
-54.673209637304566,-3.5137513343041076,forest,0.6330438914398352,0.15461914817478348,0.2871121168136596,0.8834080696105957,0.596295952796936,0.8834080696105957,0.5403535962104797,-0.34305447340011597,-0.21873092651367193,-0.020083814094895885,0.7598832497994105,0.5062045330802599,-0.25367871671915054,20
-54.720154454311945,-3.500586197784751,forest,0.6793352539340655,0.12487731139063767,0.5017479658126831,0.8793897032737732,0.3776417374610901,0.8793897032737732,0.6384209394454956,-0.2409687638282776,-0.07910484075546265,-0.013074692980102859,0.7651170094807943,0.5935534983873367,-0.17156351109345758,18
-54.67417498778169,-3.570245019222289,forest,0.6066077003876368,0.21104939240685433,0.3052536249160766,0.8461538553237915,0.5409002304077148,0.8461538553237915,0.4049335718154907,-0.4412202835083008,-0.17203480005264282,-0.02517761800600134,0.799837683637937,0.41337771713733673,-0.3864599665006002,18
-54.556418653703325,-3.688479789924205,forest,0.6664849755664667,0.13520844943814891,0.4008663892745971,0.8776891231536865,0.4768227338790894,0.8776891231536865,0.5865146517753601,-0.2911744713783264,-0.2188695669174195,-0.013990869379561842,0.7599894205729166,0.5729805305600166,-0.1870088900129,11
-54.56542712741496,-3.5864377229291313,forest,0.5380903072655201,0.1763730360110376,0.26777184009552,0.7936250567436218,0.5258532166481018,0.7870326638221741,0.3208431005477905,-0.46618956327438354,-0.12782472372055048,-0.024416056832541572,0.6876325209935507,0.3885480935374896,-0.29908442745606106,21
-54.60912062420451,-3.6701631632227305,forest,0.6445385428766409,0.19396825218839975,0.352626621723175,0.8893715739250183,0.5367449522018433,0.8645184636116028,0.5487378835678101,-0.3157805800437927,-0.25584751367568975,-0.0217586663365364,0.824705958366394,0.46437112738688785,-0.3603348309795062,13
-54.643322513833795,-3.5652972570549513,forest,0.5319444338480631,0.1796774994286208,0.247126430273056,0.8866822719573975,0.6395558416843414,0.8866822719573975,0.5532925724983215,-0.3333896994590759,-0.29217278957366943,-0.014917536896208039,0.6338129639625549,0.43007590373357135,-0.20373706022898358,14
-54.65875053852246,-3.6690029643787887,forest,0.5803622100502253,0.2057594641144851,0.2436328679323196,0.8569515347480774,0.6133186668157578,0.8545588850975037,0.277140349149704,-0.5774185359477997,-0.08060893416404724,-0.025560339475455475,0.7151207129160563,0.4456037071843942,-0.2695170057316621,21
-54.70117618498288,-3.5291214418013004,forest,0.6317478430767854,0.17115763981782287,0.3177330791950226,0.8718422651290894,0.5541091859340668,0.8561666011810303,0.5314151644706726,-0.32475143671035767,-0.19406449794769287,-0.021451649315979142,0.7853380143642426,0.4781576717893283,-0.3071803425749143,18
-54.74310580143344,-3.5582275843118376,forest,0.6145675728718439,0.07239174712016871,0.5059396624565125,0.7395079731941223,0.23356831073760986,0.6864330768585205,0.5658615827560425,-0.12057149410247803,-0.12399536371231079,-0.004484498552654079,0.6517199873924255,0.5774151583512624,-0.07430482904116309,18
-54.55012199269709,-3.698503400778647,forest,0.6657879576086998,0.15539307346536843,0.2202380895614624,0.9009901285171508,0.6807520389556884,0.8696525692939758,0.550561785697937,-0.3190907835960388,-0.6807520389556884,-0.012592575316843775,0.7564023186763128,0.5751735965410868,-0.181228722135226,3
-54.717790863436015,-3.565171139821373,forest,0.463095144679149,0.14132526889494615,0.246666669845581,0.7315514087677002,0.4848847389221192,0.7315514087677002,0.3790587484836578,-0.3524926602840424,-0.23198035359382635,-0.011855517224125233,0.5299710035324097,0.39621928582588833,-0.13375171770652133,6
-54.73800183308293,-3.5820420032288283,forest,0.6984741116563479,0.15405376607216484,0.501354992389679,0.8717948794364929,0.37043988704681396,0.8717948794364929,0.5566211938858032,-0.3151736855506897,-0.13307523727416992,-0.01950238919776416,0.844306488831838,0.5526417344808578,-0.29166475435098016,20
-54.613199979287785,-3.582370730377186,forest,0.6541126643617948,0.17838380028502923,0.2518656849861145,0.886637806892395,0.6347721219062805,0.8806294202804565,0.5068545937538147,-0.37377482652664185,-0.6347721219062805,-0.017039763746054273,0.7623383353153864,0.5458869934082031,-0.2164513419071833,3
-54.67696305939579,-3.5605435408026724,forest,0.6851188788811365,0.14371148903875175,0.449380487203598,0.8731646537780762,0.42378416657447815,0.8731646537780762,0.5378246307373047,-0.3353400230407715,-0.18202689290046692,-0.015911354603974713,0.7765713756283125,0.5936663821339607,-0.18290499349435174,8
-54.63114111439723,-3.658472565581216,forest,0.6645867799719175,0.14803938945715203,0.4388059675693512,0.8558110594749451,0.41700509190559387,0.8558110594749451,0.4814814925193786,-0.37432956695556646,-0.08989614248275757,-0.01886566112870753,0.7846723993619283,0.5445011605819067,-0.24017123878002167,20
-54.63737289128298,-3.5236185565722145,forest,0.6421808985372385,0.15011157504938602,0.2941965758800506,0.8698698878288269,0.5756733119487762,0.8698698878288269,0.5470036268234253,-0.3228662610054016,-0.12107729911804205,-0.01860341876745221,0.772035280863444,0.5123265162110329,-0.2597087646524111,18
-54.61663334286191,-3.6056416985212305,forest,0.5408716862633204,0.2077856268586706,-0.0123660350218415,0.8698825836181641,0.8822486186400056,0.8698825836181641,0.517241358757019,-0.352641224861145,-0.2406319379806519,-0.007355461281359835,0.5779589444864541,0.5037844280401865,-0.0741745164462676,6
-54.68568317942611,-3.6828227581124855,forest,0.7081516683101654,0.1308112301305407,0.5040056705474854,0.8925268650054932,0.3885211944580078,0.8617283701896667,0.5570079684257507,-0.304720401763916,-0.15547508001327515,-0.016637751745141056,0.8156208942333857,0.6006824423869451,-0.21493845184644056,18
-54.70107457344819,-3.697762649382625,forest,0.5654530264437199,0.17730040840710817,0.3340665400028229,0.8571428656578064,0.5230763256549835,0.8571428656578064,0.4973408877849579,-0.3598019778728485,-0.11584371328353882,-0.02064617534046586,0.7066932320594788,0.42421282082796097,-0.2824804112315178,18
-54.552674816495006,-3.655503549574252,forest,0.6784426048398018,0.1330407219086012,0.4716210663318634,0.900293231010437,0.4286721646785736,0.8774852156639099,0.5695421099662781,-0.30794310569763184,-0.4033327400684357,-0.015013946294784522,0.7814736341436704,0.5754115755359331,-0.2060620586077373,18
-54.587024811462925,-3.6662710236390046,forest,0.7118562695880731,0.1329915973761118,0.434987336397171,0.8895108103752136,0.4545234739780426,0.8774566650390625,0.588652491569519,-0.28880417346954346,-0.37866535782814026,-0.015082651286021504,0.7990465089678764,0.6246660302082697,-0.17438047875960672,10
-54.69327977007888,-3.616344536154327,forest,0.608377837886413,0.18778594647467495,0.2359550595283508,0.8826831579208374,0.6467280983924866,0.865120530128479,0.527244508266449,-0.33787602186203003,-0.18038976192474365,-0.019928656648034608,0.7583522697289785,0.4584034060438474,-0.29994886368513113,16
-54.558461318396915,-3.52494110326983,forest,0.6061537886659304,0.16541620737825935,0.3201692402362823,0.872592568397522,0.5524233281612396,0.872592568397522,0.5788558721542358,-0.29373669624328613,-0.3413662910461426,-0.015774919053782557,0.7057085608442625,0.5065990164875984,-0.19910954435666406,16
-54.720410617339056,-3.51732377868758,forest,0.6911472454667091,0.11865952127034247,0.5587266683578491,0.896125316619873,0.3373986482620239,0.896125316619873,0.5903967022895813,-0.30572861433029175,-0.05447804927825928,-0.014140453157217611,0.7699301789204279,0.6123643120129904,-0.15756586690743757,19
-54.646424284866285,-3.6327237823886582,forest,0.572500033924977,0.16325865228049835,0.3372168242931366,0.8569095134735107,0.5196926891803741,0.8481097221374512,0.4507869482040405,-0.39732277393341064,-0.17419907450675964,-0.018867706928564144,0.6967280978957812,0.4482719699541728,-0.24845612794160837,14
-54.71859490053316,-3.6976381823641993,forest,0.6044565917303165,0.18127983108021511,0.2481572479009628,0.8918918967247009,0.6437346488237381,0.8918918967247009,0.5543538928031921,-0.3375380039215088,-0.44381719827651983,-0.018432361114284243,0.7418096909920374,0.4671034924685955,-0.2747061985234419,18
-54.70041060166782,-3.5171959873437375,forest,0.5596722327172756,0.17472900342058123,0.344197005033493,0.8671454191207886,0.5229484140872955,0.8671454191207886,0.4877679049968719,-0.3793775141239167,-0.10271090269088745,-0.019878779947757705,0.6894783775011698,0.4298660879333814,-0.2596122895677884,18
-54.59054756154555,-3.506041258449856,forest,0.6006420999765396,0.1260360310711285,0.3960639536380768,0.8846042156219482,0.48854026198387146,0.8846042156219482,0.488092690706253,-0.39651152491569525,-0.20505529642105103,-0.01263056324875872,0.6742622082432111,0.5270219917098681,-0.14724021653334307,6
-54.729847695775725,-3.5815642512988664,forest,0.541579349587361,0.12917018599652225,0.4127549231052398,0.8468130826950073,0.4340581595897675,0.8223140239715576,0.5969868302345276,-0.22532719373703003,-0.24259138107299805,-0.007413817320180936,0.579770989716053,0.5033877094586691,-0.07638328025738395,13
-54.69856990519384,-3.5914116588455185,forest,0.5281485592325529,0.16603575405127974,0.2842251658439636,0.7537186145782471,0.46949344873428345,0.6535202860832214,0.346951812505722,-0.30656847357749945,-0.10084947943687439,-0.02038094297699303,0.675374706586202,0.3809224118789037,-0.29445229470729833,16
-54.68590902288731,-3.643306889951329,forest,0.42603980625669163,0.05829946614125433,0.3421838581562042,0.5878982543945312,0.24571439623832703,0.5878982543945312,0.433792233467102,-0.15410602092742925,-0.12326470017433172,-0.0016292366903761023,0.43506021052598953,0.4170194019873937,-0.018040808538595854,6
-54.635230939595075,-3.663336367626092,forest,0.6717562402288119,0.14305657488798118,0.4399999976158142,0.8430130481719971,0.40301305055618286,0.8430130481719971,0.4908555746078491,-0.35215747356414795,-0.14288544654846191,-0.017808754703272922,0.7845361183087031,0.5589763621489207,-0.2255597561597824,19
-54.656173312605574,-3.569837546991193,forest,0.6348142586648464,0.17925565258095047,0.3360752165317535,0.8597437739372253,0.5236685574054718,0.8597437739372253,0.4861227869987488,-0.37362098693847656,-0.16801047325134277,-0.021173416104005697,0.7994600882132848,0.47016842911640805,-0.3292916590968768,14
-54.72436358536344,-3.513881145824619,forest,0.7054602541029453,0.15532765454143638,0.3668473660945892,0.8937514424324036,0.5269040763378143,0.8937514424324036,0.5689479112625122,-0.32480353116989136,-0.21525159478187567,-0.019199647501758885,0.8476644108692805,0.5632560973366102,-0.28440831353267026,18
-54.64885506010917,-3.536094405623132,forest,0.6613079644739628,0.128814587192061,0.4929872453212738,0.8706642985343933,0.3776770532131195,0.8706642985343933,0.5084066987037659,-0.36225759983062744,-0.06957137584686279,-0.01797573710265366,0.7735004673401514,0.5491154616077741,-0.2243850057323773,21
-54.619218913875784,-3.557999811755491,forest,0.6405226960778236,0.1827780655117819,0.3632119596004486,0.8649094104766846,0.501697450876236,0.8649094104766846,0.4840928614139557,-0.3808165490627289,-0.16492733359336853,-0.022448255601136554,0.807659238576889,0.47338615357875824,-0.3342730849981308,14
-54.60677381180143,-3.5249800205877055,forest,0.5832402296364307,0.18216779480969866,0.294387936592102,0.876995861530304,0.5826079249382019,0.8626906871795654,0.4046855866909027,-0.4580051004886627,-0.16954582929611212,-0.02374615149653474,0.7368978808323542,0.42958257844050723,-0.30731530239184696,14
-54.62727891299061,-3.6443565696557223,forest,0.6775487177073956,0.16659280163572507,0.4660976827144623,0.90625,0.4401523172855377,0.8921161890029907,0.4660976827144623,-0.42601850628852844,-0.14469653367996216,-0.020670782625675177,0.8080888837575912,0.5470085516571999,-0.2610803321003914,23
-54.73009807142691,-3.578749876109972,forest,0.6209854086240133,0.14191807947379648,0.4081632792949676,0.8460631370544434,0.43789985775947576,0.817925214767456,0.4705365002155304,-0.34738871455192566,-0.18463218212127686,-0.017626245902932207,0.7312753473718961,0.5106954698761305,-0.22057987749576569,11
-54.736729439245885,-3.651741309662094,forest,0.47540572099387646,0.19279168507149505,0.1168831139802932,0.8148571252822876,0.6979740113019944,0.8148571252822876,0.6229366064071655,-0.19192051887512207,-0.3018181324005127,0.013637058041665876,0.3538063131272793,0.5970051288604736,0.24319881573319435,4
-54.73785856307962,-3.5902224821986866,forest,0.6135642516116301,0.11316088581773916,0.4680297970771789,0.7794638276100159,0.31143403053283697,0.7794638276100159,0.4750320017337799,-0.30443182587623596,-0.08535519242286688,-0.014302621159864505,0.7181921054919561,0.5089363977313042,-0.20925570776065194,20
-54.71793237501143,-3.5779185361133052,forest,0.5755486457298199,0.19245987672846102,0.1002811640501022,0.8591223955154419,0.7588412314653397,0.848198652267456,0.5328921675682068,-0.31530648469924927,-0.3428003042936325,-0.018212872477977156,0.68028782432278,0.4708094671368599,-0.20947835718592012,11
-54.591826973827345,-3.535623855845627,forest,0.5956108079602321,0.19478195561974743,0.1372340470552444,0.8726752400398254,0.735441192984581,0.8726752400398254,0.5225189328193665,-0.350156307220459,-0.1415550708770752,-0.016121847739686113,0.6653060875833035,0.5259155283371607,-0.13939055924614274,11
-54.68809129837248,-3.590209093461101,forest,0.573468342423439,0.13015248770592766,0.3982188403606415,0.8770827651023865,0.478863924741745,0.8770827651023865,0.5654450058937073,-0.3116377592086792,-0.2862462103366852,-0.010719882042511616,0.6326968669891357,0.5142398178577423,-0.11845704913139343,18
-54.637397847982726,-3.605422563569167,forest,0.6705926954746246,0.12934515119059037,0.4950793385505676,0.8648075461387634,0.3697282075881958,0.8628841638565063,0.5079365372657776,-0.35494762659072876,-0.1284933090209961,-0.013455247153406534,0.7325991839170456,0.6085862070322037,-0.12401297688484192,22
-54.61897722171504,-3.657982575235293,forest,0.7103151082992554,0.14614095403659386,0.4973031282424927,0.8978525996208191,0.4005494713783264,0.88213050365448,0.5601660013198853,-0.3219645023345947,-0.07911378145217896,-0.018953683946443627,0.8363007406393687,0.5843294759591421,-0.25197126468022657,21
-54.55415135208264,-3.6803840345818135,forest,0.6340545229613781,0.14838002118827495,0.4208978712558746,0.8713508248329163,0.4504529535770417,0.8460590839385986,0.4479205012321472,-0.3981385827064514,-0.1532943844795227,-0.01664638365092483,0.7438894783457121,0.5242195675770441,-0.21966991076866793,21
-54.58415577175938,-3.5811808026097625,forest,0.6270164834956328,0.1501239222564484,0.3730707764625549,0.8832522630691528,0.5101814866065979,0.8832522630691528,0.5971640348434448,-0.286088228225708,-0.5014490485191345,-0.011619089543819405,0.7171954562266668,0.5368375107645988,-0.18035794546206796,3
-54.63200295555139,-3.67784993632072,forest,0.6065126185615858,0.16749983600202237,0.3226124048233032,0.8609355092048645,0.5383231043815613,0.8422430157661438,0.533178985118866,-0.30906403064727783,-0.13380306959152222,-0.01966117607510606,0.7530259937047958,0.45999924341837567,-0.29302675028642017,16
-54.691412818699234,-3.5221396298465573,forest,0.6870699922243754,0.16052275489641551,0.4962905049324035,0.8895828127861023,0.3932923078536988,0.8895828127861023,0.5622161626815796,-0.3273666501045227,-0.14429593086242676,-0.020477980997251403,0.839767982562383,0.5343720018863678,-0.30539598067601526,20
-54.59758539579396,-3.560361951056457,forest,0.709336806088686,0.13029161327995825,0.4799009263515472,0.8975542187690735,0.4176532924175263,0.8930899500846863,0.6363905072212219,-0.25669944286346436,-0.24743300676345825,-0.014690938475339282,0.8050175358851751,0.6136560762921969,-0.19136145959297823,18
-54.69427878947331,-3.5582110961956763,forest,0.6426288361350695,0.16879345046201671,0.3726696968078613,0.8673071265220642,0.49463742971420294,0.8673071265220642,0.5137803554534912,-0.353526771068573,-0.1225936114788056,-0.02097685088282048,0.7994086792071661,0.485848993062973,-0.31355968614419305,18
-54.56037046309703,-3.6816880331258863,forest,0.7043516685565313,0.09447487080783197,0.5665399432182312,0.8376891613006592,0.271149218082428,0.8305299878120422,0.5940094590187073,-0.23652052879333496,-0.271149218082428,-0.010131335569464616,0.7752284755309423,0.6334748615821203,-0.14175361394882202,3
-54.68476747159929,-3.653065546907681,forest,0.6839371845126152,0.131906758595422,0.4806201457977295,0.8873894810676575,0.406769335269928,0.8760792016983032,0.5773870944976807,-0.29869210720062256,-0.18303316831588745,-0.016411952946497034,0.7995271732409795,0.5683471957842509,-0.2311799774567287,16
-54.67134997311987,-3.55153346902921,forest,0.5760386598606905,0.1817628577152518,0.297389805316925,0.8659349083900452,0.5685451030731201,0.8659349083900452,0.4486148357391357,-0.4173200726509095,-0.17826959490776062,-0.022553339483945247,0.7407866766055425,0.41129064311583835,-0.3294960334897042,14
-54.65515148371493,-3.585853878775951,forest,0.5810658261179924,0.17118553480578816,0.3656656444072723,0.8772515058517456,0.5115858614444733,0.809323787689209,0.4592158496379852,-0.3501079380512238,-0.11299681663513184,-0.021228306267572477,0.7305848648150762,0.43154678742090863,-0.2990380773941676,14
-54.68716902238433,-3.67174214658258,forest,0.579499943802754,0.1722638696741434,0.2736243009567261,0.8749586343765259,0.6013343334197998,0.8729172348976135,0.5919732451438904,-0.28094398975372314,-0.22010570764541626,-0.015013900878636714,0.6818315610289574,0.4771683265765508,-0.20466323445240658,13
-54.69661327021245,-3.5280639397516027,forest,0.5965271244446436,0.18006991215388587,0.3426049649715423,0.8714838624000549,0.5288788974285126,0.8714838624000549,0.5018285512924194,-0.3696553111076355,-0.09929400682449341,-0.021171442166618648,0.7572822024424871,0.43577204644680023,-0.3215101559956869,13
-54.629516607569315,-3.6244022653605534,forest,0.6432107624908289,0.12521495475306532,0.4802259802818298,0.8695136308670044,0.3892876505851746,0.8484553098678589,0.529596209526062,-0.3188591003417969,-0.14524424076080322,-0.016949207381061843,0.7492474218209585,0.5371741031606992,-0.21207331866025925,19
-54.59201880365288,-3.6871085135090182,forest,0.6060409707327684,0.1476233432726465,0.3240320980548858,0.8739155530929565,0.5498834550380707,0.8739155530929565,0.5248041749000549,-0.3491113781929016,-0.2223886251449585,-0.017258962457594645,0.7305018703142802,0.48158007115125656,-0.2489217991630236,15
-54.69922178241552,-3.653979369188532,forest,0.407700910543402,0.1782780370311382,0.2247956395149231,0.8435489535331726,0.6187533140182495,0.8435489535331726,0.3926470577716827,-0.4509018957614899,-0.3472089469432831,-0.012117830339981145,0.45642396186788875,0.3589778592189153,-0.09744610264897346,9
-54.55292708756635,-3.558780283521448,forest,0.6955623142421246,0.15497326442046327,0.3350269794464111,0.8929961323738098,0.5579691529273987,0.8894995450973511,0.5643274784088135,-0.3251720666885376,-0.1723942756652832,-0.017088138914626547,0.8123650054136912,0.578759623070558,-0.23360538234313322,18
-54.62644281272229,-3.6990030069411057,forest,0.6646281319359938,0.12261601114393306,0.4066298305988312,0.853003978729248,0.44637414813041687,0.853003978729248,0.56886225938797,-0.2841417193412781,-0.17444586753845215,-0.01341115343829857,0.7761134803295135,0.5531427835424741,-0.2229706967870394,13
-54.71313799958203,-3.5728917414053845,forest,0.6112862279017767,0.15482918096285084,0.2976076602935791,0.8712871074676514,0.5736794471740723,0.8553436398506165,0.4883322715759277,-0.3670113682746888,-0.29399412870407104,-0.018541393642840173,0.7383935103813807,0.48417894542217255,-0.25421456495920813,18
-54.67405613470367,-3.515143923264188,forest,0.6131011036535104,0.1459332411092125,0.4619808197021484,0.8849506378173828,0.42296981811523443,0.8849506378173828,0.5284428000450134,-0.3565078377723694,-0.05844789743423462,-0.017545326105926334,0.7150545368591944,0.5111476704478264,-0.20390686641136802,18
-54.59705515617165,-3.610523185439176,forest,0.5954163558781147,0.09913966578321734,0.3507720232009887,0.7872758507728577,0.43650382757186895,0.7872758507728577,0.5080397129058838,-0.2792361378669739,-0.10115599632263184,-0.008599862702514808,0.6592177177468935,0.5316149940093359,-0.12760272373755766,15
-54.60009700449234,-3.5049191352347555,forest,0.5785429502526919,0.15261796420314477,0.3996714353561401,0.8548038601875305,0.45513242483139044,0.8548038601875305,0.466868132352829,-0.38793572783470154,-0.12520945072174072,-0.020163132211436393,0.7115848412116369,0.44550105929374695,-0.26608378191788995,20
-54.6578038350597,-3.5714948224222933,forest,0.5068300204972426,0.09807714874355163,0.2305177152156829,0.6865435242652893,0.45602580904960643,0.6865435242652893,0.4487883746623993,-0.23775514960289001,-0.37535229325294506,-0.004415102303028084,0.536180151005586,0.47747988998889923,-0.058700261016686794,10
-54.566267076987735,-3.6502650675927657,forest,0.5079670796791712,0.14148886220997842,0.2782608568668365,0.7796189188957214,0.5013580620288849,0.7673215866088867,0.5658544301986694,-0.20146715641021729,-0.16649127006530767,-0.00123345362103503,0.491452361146609,0.5244817982117335,0.033029437065124456,9
-54.57268841726674,-3.680491058645403,forest,0.6716931834816933,0.10142059253392716,0.5820895433425903,0.8866682052612305,0.30457866191864014,0.8826552629470825,0.6113296747207642,-0.27132558822631836,-0.14678162336349487,-0.008679921393809112,0.7270060032606125,0.616380363702774,-0.11062563955783844,6
-54.62031036588247,-3.543432368988843,forest,0.605481735120217,0.1602161731782827,0.3568152487277984,0.8633411526679993,0.5065259039402008,0.8521617650985718,0.513775110244751,-0.3383866548538208,-0.0871472954750061,-0.01883603138768153,0.7381351739168167,0.4728282963236173,-0.26530687759319943,18
-54.627078756149515,-3.6008930391694913,forest,0.5737824986378351,0.13792188417045875,0.3993447422981262,0.8342233300209045,0.4348785877227783,0.8158215284347534,0.4567955732345581,-0.3590259552001953,-0.12213134765625,-0.016954729712527705,0.6800450185934702,0.46751997868220013,-0.21252503991127009,14
-54.62653058001486,-3.669667258244111,forest,0.5247198306024075,0.1955005399255135,0.2857142984867096,0.8944820761680603,0.6087677776813507,0.8944820761680603,0.5402567386627197,-0.3542253375053406,-0.19105246663093572,-0.014742490584435637,0.5939085433880488,0.4555311178167661,-0.1383774255712827,9
-54.706885857933955,-3.646020131208732,forest,0.43088531245787937,0.07816838944913204,0.3033012449741363,0.6014266610145569,0.2981254160404206,0.4490390121936798,0.3338303864002228,-0.11520862579345703,-0.2169476747512818,-0.006310263768486341,0.4776189898451169,0.3841516350706418,-0.0934673547744751,20
-54.63044413187399,-3.611619785250986,forest,0.6339138150215149,0.1480488982551366,0.3913352191448211,0.8391067981719971,0.44777157902717596,0.8391067981719971,0.4873949587345123,-0.3517118394374848,-0.17666441202163696,-0.017927711372790114,0.7612789571285248,0.506548672914505,-0.2547302842140198,16
-54.70110483150283,-3.523438133571084,forest,0.5331488425532976,0.17223543358302984,0.2485051453113556,0.8862500190734863,0.6377448737621307,0.8862500190734863,0.5076923370361328,-0.3785576820373535,-0.21851986646652222,-0.016490673241407947,0.6320856784780821,0.43421200662851334,-0.19787367184956872,14
-54.67521563194136,-3.610793656154022,forest,0.5947118736803532,0.1637031605717903,0.3430029451847076,0.8614841103553772,0.5184811651706696,0.8614841103553772,0.4411273896694183,-0.4203567206859589,-0.06873866915702825,-0.021213457726913923,0.7434175411860148,0.4460062061746915,-0.2974113350113233,15
-54.6680597846902,-3.6636114089446497,forest,0.37546873403092224,0.19163689430205477,0.1431391835212707,0.862420380115509,0.7192811965942383,0.862420380115509,0.582453727722168,-0.27996665239334106,-0.2717682719230652,0.005843746539043353,0.31418152526021004,0.4367559428016345,0.12257441754142445,8
-54.603674596913955,-3.610308347546229,forest,0.6633082268138727,0.13203236848719035,0.4640820920467376,0.8982431888580322,0.4341610968112946,0.894896388053894,0.6103392839431763,-0.2845571041107178,-0.08630919456481934,-0.014602033819841284,0.7544596393903097,0.5721568142374357,-0.182302825152874,17
-54.58684727768092,-3.5552881291816396,forest,0.5537647058566412,0.10644775073349425,0.4245723187923431,0.7740350961685181,0.349462777376175,0.7616822719573975,0.4245723187923431,-0.3371099531650544,-0.18497103452682495,-0.006055617358373539,0.592334675292174,0.5151947364211082,-0.07713993887106574,23
-54.57618162589629,-3.51863854927889,forest,0.6211737108727297,0.15284112888219453,0.3911367952823639,0.8761062026023865,0.4849694073200226,0.8761062026023865,0.5290102362632751,-0.34709596633911133,-0.09273087978363037,-0.017438549075437626,0.7428434838851293,0.4995039378603299,-0.2433395460247994,13
-54.68250205872311,-3.57780826431666,forest,0.6506586683293184,0.18319941311789967,0.3665930032730102,0.8836597204208374,0.5170667171478271,0.8836597204208374,0.5391583442687988,-0.3445013761520386,-0.15268462896347046,-0.021524868257667695,0.81437316040198,0.48694417625665665,-0.3274289841453234,18
-54.62823843815888,-3.646540066237881,forest,0.6756144923468431,0.15599275251909958,0.4707390964031219,0.8914089202880859,0.42066982388496404,0.8698989748954773,0.4791055023670196,-0.3907934725284577,-0.09462398290634155,-0.02005998104810714,0.8051078915596008,0.5461210931340853,-0.25898679842551553,19
-54.70560954971059,-3.677218549036196,forest,0.6062565656999747,0.1602982118550137,0.370870441198349,0.8539493083953857,0.48307886719703674,0.8539493083953857,0.54603111743927,-0.3079181909561157,-0.055527329444885254,-0.01864063818817549,0.735782578587532,0.47673055281241733,-0.2590520257751147,16
-54.61813716081671,-3.543816201793844,forest,0.6088689354558786,0.17107698767078275,0.3443895578384399,0.8855558633804321,0.5411663055419922,0.8855558633804321,0.6207823157310486,-0.26477354764938354,-0.1528397798538208,-0.01582233878581417,0.7199506908655167,0.4977871800462405,-0.22216351081927616,16
-54.597809404096594,-3.6367449245630055,forest,0.6130387211839358,0.13552421341213322,0.4414644539356231,0.8658022880554199,0.4243378341197968,0.8611789345741272,0.5279824733734131,-0.3331964612007141,-0.0799073576927185,-0.017722483225490717,0.7237074573834738,0.5023699849843979,-0.22133747239907586,20
-54.70894802990696,-3.609277164309076,forest,0.5323180050278703,0.19978078045201295,0.0618651881814003,0.8418847918510437,0.7800196036696434,0.8380614519119263,0.5442321300506592,-0.2938293218612671,-0.10369366407394409,-0.01059486341541227,0.5534076324353615,0.5112283776203791,-0.042179254814982414,11
-54.6406373079519,-3.516182574406289,forest,0.6359024358292421,0.18652798311870478,0.4272997081279754,0.8974675536155701,0.47016784548759466,0.8974675536155701,0.4716295897960663,-0.4258379638195038,-0.08177793025970465,-0.02439958832834077,0.8079549372196198,0.4638499344388644,-0.34410500278075534,19
-54.57503536914518,-3.5167883337396346,forest,0.6483991804222266,0.13143290922719447,0.4662756621837616,0.8872604370117188,0.42098477482795715,0.873153805732727,0.5336500406265259,-0.33950376510620117,-0.16610658168792725,-0.01711093922024186,0.7569466779629389,0.5398516828815142,-0.2170949950814247,18
-54.5799475229728,-3.5070837591127377,forest,0.6035838946700096,0.15272503746458907,0.3608473241329193,0.8755555748939514,0.5147082507610321,0.8755555748939514,0.5160731673240662,-0.35948240756988525,-0.33468255400657654,-0.014982953978621425,0.7172420645753542,0.48992572476466495,-0.22731633981068927,3
-54.65690000056619,-3.690505300513381,forest,0.7066949804623922,0.0969988222137071,0.5957554578781128,0.8842083215713501,0.2884528636932373,0.8842083215713501,0.6063520908355713,-0.2778562307357788,-0.06287127733230591,-0.012445086759069676,0.7860379467407862,0.6273520141839981,-0.1586859325567881,16
-54.7332875935703,-3.621944771645531,forest,0.6355587417880694,0.13474357455037705,0.4776196181774139,0.8761542439460754,0.39853462576866155,0.8761542439460754,0.5540081858634949,-0.32214605808258057,-0.1282646656036377,-0.016022633728773657,0.7432052195072174,0.5279122640689214,-0.21529295543829596,17
-54.6984625817454,-3.6660118817277865,forest,0.6922287605702877,0.16393800894787058,0.3424429297447204,0.8668922781944275,0.524449348449707,0.8668922781944275,0.5973705649375916,-0.26952171325683594,-0.19180363416671758,-0.018926890375821476,0.8390576640764872,0.5453998570640882,-0.29365780701239896,18
-54.559359245098264,-3.660916082317875,forest,0.6530269831418991,0.13569264529272526,0.4237553775310516,0.9019509553909302,0.4781955778598786,0.8832241296768188,0.5873234868049622,-0.2959006428718567,-0.21615010499954224,-0.011130424789760401,0.7289577051997185,0.5770962610840797,-0.15186144411563873,7
-54.55812414553695,-3.5478322319357587,forest,0.7029037438333035,0.15373853624110584,0.4981629550457001,0.871135950088501,0.3729729950428009,0.871135950088501,0.514498770236969,-0.356637179851532,-0.1979958415031433,-0.018410828644814685,0.8329031964143118,0.5729042912522951,-0.2599989051620166,21
-54.62181086557495,-3.5647962079821243,forest,0.6959555099407831,0.14539848974158925,0.5301969647407532,0.8969584107398987,0.3667614459991455,0.8969584107398987,0.545540988445282,-0.3514174222946167,-0.16034460067749023,-0.018397425102150942,0.8327500224113464,0.55916099747022,-0.27358902494112647,18
-54.68370513526818,-3.570714592388343,forest,0.6848792259891828,0.13196541788679758,0.4169604778289795,0.8618053793907166,0.44484490156173706,0.8327476978302002,0.5263975262641907,-0.3063501715660095,-0.12409651279449463,-0.01606862951879912,0.780786469578743,0.5889719823996226,-0.19181448717912042,18
-54.71266157634375,-3.512458913492804,forest,0.6835211416085561,0.10902885286761069,0.5228857398033142,0.8946811556816101,0.3717954158782959,0.8946811556816101,0.5523256063461304,-0.34235554933547974,-0.085379958152771,-0.014738899054734586,0.7772124161322912,0.5898298670848211,-0.1873825490474701,18
-54.68964133200788,-3.648962697541292,forest,0.710269995033741,0.10427518945186723,0.5745416879653931,0.8919252157211304,0.3173835277557373,0.870273232460022,0.6071982383728027,-0.26307499408721924,-0.09458118677139282,-0.014020522755125267,0.8036004404226939,0.6169395496447881,-0.1866608907779057,19
-54.607767440361165,-3.5687102563867636,forest,0.719653827448686,0.11889098304778527,0.5632839202880859,0.910519003868103,0.3472350835800171,0.910519003868103,0.6428169012069702,-0.2677021026611328,-0.12348252534866333,-0.013773999706558546,0.8198957641919454,0.6194118907054266,-0.20048387348651886,18
-54.659740216331336,-3.573510753061843,forest,0.4797629602253437,0.10248310120099866,0.2793071568012237,0.6507431268692017,0.37143597006797796,0.6507431268692017,0.4461321234703064,-0.20461100339889526,-0.11808165907859802,-0.00904275016940158,0.5493350327014923,0.4101908877491951,-0.1391441449522972,14
-54.71810138564783,-3.5653343385196092,forest,0.5167974991103014,0.1268828883192437,0.3089918196201324,0.7845548391342163,0.4755630195140839,0.7412707209587097,0.4672457575798034,-0.2740249633789063,-0.18816563487052923,-0.009672425220841933,0.5778918440143267,0.45570315420627594,-0.12218868980805075,6
-54.69587786096096,-3.6454328046647086,forest,0.5482947876056036,0.10866034196232924,0.4153233766555786,0.7568551301956177,0.34153175354003906,0.7383966445922852,0.4792292714118957,-0.25916737318038946,-0.09457612037658691,-0.007150004195130361,0.5961303984125456,0.5004591767986616,-0.09567122161388397,17
-54.71756401301124,-3.633524572992767,forest,0.6174332710603873,0.12032051295256185,0.4559643268585205,0.8674351572990417,0.41147083044052124,0.7498744130134583,0.5993848443031311,-0.15048956871032715,-0.1718205213546753,-0.002286461967488991,0.6458869650959969,0.5889795770247778,-0.05690738807121909,6
-54.683749787937735,-3.6091641976595463,forest,0.6458438696960608,0.11866942809244398,0.4730198681354522,0.8712697625160217,0.3982498943805695,0.8712697625160217,0.5541772842407227,-0.3170924782752991,-0.10325193405151367,-0.01275809115689731,0.7074686860044798,0.5842190533876419,-0.12324963261683786,8
-54.71191609906673,-3.661398492768247,forest,0.7172533795237541,0.11977507144411868,0.5458757877349854,0.8863475322723389,0.3404717445373535,0.8828451633453369,0.5948025584220886,-0.2880426049232483,-0.10982745885848999,-0.013836105776869717,0.8052826176087061,0.6292241414388021,-0.176058476169904,20
-54.641652285667355,-3.674224519065905,forest,0.635265956322352,0.1303430110710135,0.4793875217437744,0.849711000919342,0.3703234791755676,0.849711000919342,0.5087786912918091,-0.34093230962753296,-0.14280354976654053,-0.016689829619034466,0.7532100131114324,0.5173218995332718,-0.23588811357816064,20
-54.61222059840223,-3.511210574827481,forest,0.5506071721514066,0.12368174543415987,0.3572854399681091,0.7720870971679688,0.4148016571998597,0.7720870971679688,0.5299036502838135,-0.24218344688415527,-0.24901378154754644,-0.011529879259026555,0.6129154935479164,0.4882988507548968,-0.1246166427930196,9
-54.664640875667125,-3.5197789373698645,forest,0.584963801006476,0.15886836471772003,0.3545930385589599,0.8916491866111755,0.5370561480522156,0.8916491866111755,0.52173912525177,-0.3699100613594055,-0.10847455263137817,-0.01907840036827583,0.6957565173506737,0.4741710846622785,-0.2215854326883952,20
-54.73033668177483,-3.6914084745248714,forest,0.6476548711458842,0.1276642030213262,0.5245414972305298,0.8663484454154968,0.34180694818496704,0.8663484454154968,0.5631684064865112,-0.3031800389289856,-0.1065751314163208,-0.016279900074005108,0.7569556534290314,0.5383540888627371,-0.21860156456629432,13
-54.60572622449723,-3.5477956854037007,forest,0.6055742601553599,0.15374244508774107,0.4001421332359314,0.8554449081420898,0.45530277490615845,0.8554449081420898,0.5283876061439514,-0.3270573019981384,-0.25782620906829834,-0.018327090636543576,0.7378127972284952,0.47333572308222455,-0.2644770741462707,16
-54.58138835180685,-3.688636464320004,forest,0.6835363656282425,0.15733498334207202,0.3868497610092163,0.9036855101585388,0.5168357491493225,0.8969913125038147,0.6039409041404724,-0.2930504083633423,-0.17809444665908813,-0.01710657352986542,0.8239653011163076,0.5431074301401774,-0.28085787097613024,15
-54.59461858900863,-3.624692253440683,forest,0.5364254266023636,0.16018006167030394,0.3715328574180603,0.847638726234436,0.47610586881637573,0.847638726234436,0.444282591342926,-0.40335613489151,-0.09807485342025757,-0.019730721504791902,0.6543261781334877,0.41852467507123947,-0.23580150306224823,17
-54.68933247346356,-3.665395215731341,forest,0.603625384469827,0.13713821902918794,0.356097549200058,0.8547435402870178,0.49864599108695984,0.8355210423469543,0.558945894241333,-0.27657514810562134,-0.135571300983429,-0.014128201733464775,0.6901299878954887,0.5171207810441653,-0.17300920685132348,11
-54.550796848979495,-3.687267282136227,forest,0.6114645563066006,0.13687505017994367,0.452649861574173,0.8632363080978394,0.4105864465236664,0.8513954281806946,0.5047578811645508,-0.3466375470161438,-0.14814478158950806,-0.01534959724415902,0.6933792432149252,0.529549869398276,-0.1638293738166492,16
-54.584598397078395,-3.5721011129018945,forest,0.6690098630885283,0.18507282609549694,0.3286848664283752,0.8758837580680847,0.5471988916397095,0.8443113565444946,0.4802404046058655,-0.36407095193862915,-0.24532532691955566,-0.0211632926956467,0.8149083654085795,0.5231113607684771,-0.2917970046401024,18
-54.602983911147625,-3.5576565760156407,forest,0.6548718797663847,0.16089789999643833,0.3859410285949707,0.8582111597061157,0.472270131111145,0.8127018213272095,0.5044950842857361,-0.3082067370414734,-0.1485801339149475,-0.01973226426736168,0.8026280800501505,0.5071156794826189,-0.2955124005675316,18
-54.57831310298536,-3.6632415860287786,forest,0.692166787882646,0.12380322784067513,0.449012279510498,0.8772417306900024,0.42822945117950445,0.8752794861793518,0.5940240621566772,-0.28125542402267456,-0.20411932468414307,-0.014633840400239673,0.798301046093305,0.5860325296719869,-0.21226851642131805,15
-54.74983507663306,-3.580294302191347,forest,0.6896915386120478,0.1263982439891127,0.4593685865402221,0.867638111114502,0.40826952457427984,0.867638111114502,0.5610103011131287,-0.3066278100013733,-0.12357622385025024,-0.014287845207297267,0.7778049310048422,0.6015781462192535,-0.17622678478558862,18
-54.67922827213533,-3.6752425337765726,forest,0.6594197253386179,0.1510382140764745,0.3834586441516876,0.838949978351593,0.4554913341999054,0.818438708782196,0.5464683771133423,-0.27197033166885376,-0.09378784894943237,-0.017760223124338198,0.7911217411359152,0.5277177095413208,-0.26340403159459436,16
-54.71277224917915,-3.6336501375081554,forest,0.6424270470937093,0.17864761933613185,0.3837953209877014,0.8826333284378052,0.49883800745010376,0.8826333284378052,0.4338863790035248,-0.4487469494342804,-0.1628081202507019,-0.022419446266215753,0.7947442829608917,0.4901098112265269,-0.3046344717343648,19
-54.566794749033505,-3.637579450129261,forest,0.6520163727303346,0.14688302007867668,0.3635652959346771,0.882878839969635,0.5193135440349579,0.8555910587310791,0.544316828250885,-0.3112742304801941,-0.18651098012924194,-0.014713726574959951,0.7619703561067581,0.542062389353911,-0.21990796675284707,15
-54.55355386050528,-3.50712659833392,forest,0.6428043134510517,0.15863732042264084,0.4785932600498199,0.8849315047264099,0.40633824467659,0.8796992301940918,0.521722137928009,-0.35797709226608276,-0.18960773944854736,-0.020004804354646893,0.7699332336584727,0.5156753932436308,-0.2542578404148419,18
-54.72148574353458,-3.557015139420762,forest,0.4705355217059453,0.04817903858227548,0.4047532081604004,0.5937859416007996,0.18903273344039917,0.5937859416007996,0.4047532081604004,-0.18903273344039917,-0.05919662117958069,-0.00558144025180649,0.5068562428156534,0.4342148005962372,-0.07264144221941626,23
-54.629839022174586,-3.561870585378969,forest,0.6457494075099627,0.1472419248553441,0.4567201733589172,0.888169527053833,0.4314493536949158,0.8810365200042725,0.5564144849777222,-0.3246220350265503,-0.41440707445144653,-0.01188129046688908,0.7388857677578926,0.5526130472620329,-0.18627272049585974,18
-54.730761799997104,-3.662287984273088,forest,0.6644021719694138,0.13825280631827216,0.4860248565673828,0.8635674715042114,0.3775426149368286,0.858708918094635,0.5347315669059753,-0.32397735118865967,-0.12365716695785522,-0.016732197222502326,0.7638035664955775,0.5650007774432501,-0.1988027890523274,16
-54.734672267709826,-3.5791731589565856,forest,0.5911413381497065,0.14695513786299275,0.3968586325645447,0.8871383666992188,0.4902797341346741,0.8871383666992188,0.4824962019920349,-0.40464216470718384,-0.3599815368652344,-0.015189907188000853,0.6709479118386904,0.5113347644607226,-0.15961314737796783,11
-54.55268178483018,-3.565603092468412,forest,0.6867782659828663,0.16868506996024335,0.4272076487541199,0.8984651565551758,0.4712575078010559,0.8957575559616089,0.5400038361549377,-0.35575371980667114,-0.1861005425453186,-0.020883630397527095,0.837323322892189,0.5362332090735435,-0.3010901138186455,16
-54.60784769299561,-3.5030829916913437,forest,0.6390543666978677,0.14367373375151624,0.3676286041736603,0.8958083987236023,0.528179794549942,0.8958083987236023,0.5879224538803101,-0.30788594484329224,-0.08146393299102783,-0.01658455852581105,0.7482080161571503,0.5299007172385851,-0.21830729891856515,18
-54.61439768916564,-3.691963685474306,forest,0.6159697944919268,0.15458578337707551,0.449975848197937,0.8935361504554749,0.44356030225753784,0.8773946166038513,0.5328410267829895,-0.3445535898208618,-0.19255051016807556,-0.015567576859308306,0.7253789752721786,0.506560613711675,-0.2188183615605036,6
-54.57659887982868,-3.6270643419242408,forest,0.5876426013807455,0.1866731665685631,0.2392410933971405,0.8954248428344727,0.6561837494373322,0.8654822111129761,0.5172693729400635,-0.3482128381729126,-0.13918739557266235,-0.021063763771368087,0.7431113868951797,0.4321738158663114,-0.3109375710288684,15
-54.56259699982474,-3.648533862561003,forest,0.5433021498223146,0.15676592803047779,0.2928416430950165,0.8474910855293274,0.5546494424343109,0.8078985810279846,0.5932368636131287,-0.21466171741485596,-0.3448512852191925,-0.00016870069762933481,0.5271151686708132,0.5594891309738159,0.03237396230300271,4
-54.65169736538943,-3.665244622443522,forest,0.6860276659329733,0.14905310576588976,0.5242603421211243,0.8589083552360535,0.3346480131149292,0.8213176727294922,0.5402382016181946,-0.2810794711112976,-0.1479564905166626,-0.01847531961358111,0.8285063654184341,0.5435489664475123,-0.28495739897092187,15
-54.604597818807726,-3.5271851058515704,forest,0.5521064400672913,0.1822530630794282,0.3166326880455017,0.8384615182876587,0.521828830242157,0.8315334916114807,0.4317862093448639,-0.3997472822666168,-0.194990873336792,-0.020871047558991798,0.6743682970603307,0.42984458307425183,-0.24452371398607892,16
-54.710994106471034,-3.6946288446147144,forest,0.7074683333436648,0.14732155379649214,0.5521278381347656,0.9083728194236756,0.35624498128891,0.8956097364425659,0.5521278381347656,-0.3434818983078003,-0.33801549673080455,-0.016814893561860767,0.835285872220993,0.5796507944663366,-0.25563507775465644,23
-54.6393137260226,-3.5600155659724706,forest,0.6393064161141714,0.1767840292688185,0.3731789290904999,0.894250214099884,0.5210712850093842,0.894250214099884,0.5365328192710876,-0.3577173948287964,-0.17800456285476685,-0.02178541740645531,0.8044224480787913,0.4741903841495514,-0.33023206392923987,18
-54.62042450382298,-3.6223892905395503,forest,0.6618214411040148,0.13462418156128378,0.3973128497600555,0.839957594871521,0.4426447451114655,0.8297650218009949,0.5855008959770203,-0.2442641258239746,-0.09368550777435303,-0.01551064917574757,0.7823514690001806,0.5412914132078489,-0.2410600557923317,15
-54.63899795081202,-3.6811801386727554,forest,0.6638266642888387,0.07882114624810788,0.56763756275177,0.7958055138587952,0.22816795110702515,0.7883708477020264,0.56763756275177,-0.22073328495025635,-0.054173052310943604,-0.009401887240617147,0.7349683195352554,0.5926850090424219,-0.1422833104928335,23
-54.71913925625546,-3.5136410760894035,forest,0.7261199144025644,0.1346324318972248,0.4714923202991485,0.8921282887458801,0.4206359684467316,0.8921282887458801,0.6039344072341919,-0.28819388151168823,-0.1181911826133728,-0.01695825391489524,0.8508622000614802,0.6013776287436485,-0.24948457131783164,18
-54.59769845043602,-3.5154521808349664,forest,0.6492167127629122,0.1424690925810066,0.4019431471824646,0.8623595237731934,0.46041637659072876,0.8623595237731934,0.4657706916332245,-0.39658883213996887,-0.07720085978508001,-0.019580563604831683,0.7712014118830363,0.5272320136427879,-0.24396939824024833,18
-54.56666394310013,-3.570121476578452,forest,0.5677481020490328,0.18353364107420692,0.3496981859207153,0.8948734402656555,0.5451752543449402,0.8919132351875305,0.5131744146347046,-0.3787388205528259,-0.3648458421230316,-0.018736882028372367,0.677150179942449,0.45834602415561676,-0.2188041557868322,18
-54.56435227037756,-3.616659179383507,forest,0.678393599887689,0.13299462401888634,0.5102123618125916,0.883675217628479,0.37346285581588745,0.8510769009590149,0.5317853093147278,-0.3192915916442871,-0.1171601414680481,-0.01673697386098942,0.7812302112579346,0.5755569885174433,-0.20567322274049127,19
-54.67965952182995,-3.5597458385781287,forest,0.6099564656615257,0.15084952969179377,0.3855758905410766,0.8311386704444885,0.4455627799034119,0.8311386704444885,0.4993505179882049,-0.3317881524562836,-0.13149726390838629,-0.018300681477007648,0.7473635872205099,0.4725493441025416,-0.27481424311796826,18
-54.591870238679896,-3.5819573451310753,forest,0.5841270921130975,0.17050749820136024,0.272574782371521,0.8623428344726562,0.5897680521011353,0.8481751680374146,0.4890952408313751,-0.35907992720603943,-0.1712841391563416,-0.013096825493418637,0.6442165697614352,0.5240376144647598,-0.12017895529667533,8
-54.67903961617248,-3.6974013302656408,forest,0.6806105598807335,0.1514684040880286,0.4157575666904449,0.860852837562561,0.44509527087211614,0.860852837562561,0.5642458200454712,-0.29660701751708984,-0.07374000549316406,-0.019063907576643866,0.8158370157082876,0.5453841040531794,-0.2704529116551082,18
-54.69388227589345,-3.633879889171805,forest,0.5178748940428098,0.07562337675766992,0.3740514516830444,0.7010223865509033,0.32697093486785894,0.7010223865509033,0.3740514516830444,-0.32697093486785894,-0.16432654857635498,-0.001977985734524908,0.5267508352796236,0.5089989528059959,-0.01775188247362769,23
-54.69515089295638,-3.537625969362483,forest,0.7142164036631584,0.14917937885199606,0.4023815989494324,0.9035241007804872,0.5011425018310548,0.9035241007804872,0.6195683479309082,-0.28395575284957897,-0.07738995552062994,-0.01800427646740622,0.8475440889596939,0.5808887183666229,-0.266655370593071,17
-54.59801472048118,-3.5608895939174716,forest,0.6667965923746427,0.11131651122666034,0.4455768465995788,0.8688390851020813,0.4232622385025025,0.8688390851020813,0.59303879737854,-0.27580028772354126,-0.11340451240539551,-0.013666696107905822,0.7534024020036062,0.5801907827456793,-0.17321161925792694,18
-54.72219898429755,-3.538433218058743,forest,0.5698652577896913,0.15503114235891632,0.4376757144927978,0.8626658916473389,0.42499017715454107,0.8524064421653748,0.463500440120697,-0.38890600204467773,-0.09176373481750488,-0.018258015966933695,0.6684962858756384,0.47123422970374423,-0.19726205617189413,21
-54.614564807667335,-3.6610324627037216,forest,0.6501022254427274,0.17801192753328426,0.369619756937027,0.8721011877059937,0.5024814307689667,0.8721011877059937,0.5334748029708862,-0.3386263847351074,-0.22377982735633856,-0.02066936451455819,0.8151341577370962,0.48507029314835864,-0.33006386458873754,18
-54.620381213943695,-3.603297671799264,forest,0.5936664380133152,0.1816604416267165,0.3518256545066833,0.8763457536697388,0.5245200991630554,0.8624173998832703,0.4828193783760071,-0.3795980215072632,-0.20477718114852905,-0.021715506639169598,0.7551105320453644,0.432222343981266,-0.32288818806409836,14
-54.66212998762875,-3.6775753673055225,forest,0.5860120293994745,0.09222758184312019,0.4297188818454742,0.8222799897193909,0.3925611078739167,0.7457802295684814,0.5177416801452637,-0.22803854942321777,-0.14232122898101807,-0.007147179880867823,0.6249132429560026,0.5471108158429464,-0.07780242711305618,9
-54.64633914483097,-3.6800136382055273,forest,0.6466094106435776,0.20393135383824326,0.3060038685798645,0.8885096907615662,0.5825058221817017,0.8885096907615662,0.5305613875389099,-0.35794830322265625,-0.27575796842575073,-0.022923416728558726,0.8382301280895869,0.45498869319756824,-0.3832414348920186,13
-54.71714932254915,-3.673490737145048,forest,0.6553205288946629,0.14637856532016333,0.3866666555404663,0.8542019724845886,0.4675353169441223,0.8523099422454834,0.5085119009017944,-0.34379804134368896,-0.08413457870483398,-0.018322451516337993,0.7795707881450653,0.5310702696442604,-0.2485005185008049,16
-54.559178344185995,-3.643027061911222,forest,0.7455530365308126,0.14176968901754533,0.451833426952362,0.9020408391952516,0.45020741224288957,0.9020408391952516,0.5771195292472839,-0.32492130994796764,-0.1365643739700318,-0.01793373932009157,0.8666894882917404,0.6244165847698847,-0.2422729035218557,20
-54.6789591352808,-3.635583878740793,forest,0.6525368231038252,0.1501248601461121,0.2943135797977447,0.8700637221336365,0.5757501423358917,0.8637629747390747,0.5403026938438416,-0.32346028089523315,-0.3147579729557038,-0.017625948929268366,0.7733821670214335,0.531691479186217,-0.24169068783521652,16
-54.57034991096437,-3.5874068177330223,forest,0.6429989871879419,0.15111190121851362,0.4409246444702148,0.8600531220436096,0.41912847757339483,0.841911792755127,0.5068222284317017,-0.3350895643234253,-0.3938830494880676,-0.017681592793568304,0.7629426270723343,0.5230553473035494,-0.23988727976878488,20
-54.56616802021333,-3.640015018834421,forest,0.6360626133779684,0.14366316913969324,0.48089799284935,0.8912354707717896,0.4103374779224396,0.8817836046218872,0.5465862154960632,-0.335197389125824,-0.05657660961151123,-0.016896293850048722,0.7358619843920072,0.5362632423639297,-0.19959874202807748,11
-54.72703306511361,-3.588756309455165,forest,0.6803307930628458,0.14806619274209482,0.403091549873352,0.8518298268318176,0.44873827695846563,0.8144907355308533,0.5008130073547363,-0.31367772817611694,-0.12058627605438238,-0.01828554746897322,0.8050127228101095,0.5556488633155823,-0.24936385949452722,18
-54.574115318217665,-3.6054852978185856,forest,0.6886244975030422,0.16656958082748777,0.3890974223613739,0.900812566280365,0.5117151439189911,0.900812566280365,0.5356284976005554,-0.36518406867980957,-0.10167253017425537,-0.020721383392810818,0.8342501024405161,0.5429988925655683,-0.2912512098749478,17
-54.555728195182894,-3.5893973987311187,forest,0.6729770116508007,0.16185438953180084,0.3645320236682892,0.8834553360939026,0.5189233124256134,0.8834553360939026,0.5355805158615112,-0.34787482023239136,-0.2021770179271698,-0.019761567906193094,0.8104569613933563,0.5354970619082451,-0.27495989948511124,16
-54.69581592132273,-3.6022048969311453,forest,0.6098570066193739,0.15488552239911785,0.4497816562652588,0.8791677355766296,0.42938607931137085,0.8791677355766296,0.5283538103103638,-0.35081392526626587,-0.06670236587524414,-0.019234162322852903,0.7329055468241373,0.48680846641461056,-0.24609708040952677,16
-54.742537941519416,-3.5391997679473866,forest,0.6783666387200356,0.15810997364379584,0.4461821615695953,0.8690407872200012,0.42285862565040594,0.8604349493980408,0.5340142846107483,-0.3264206647872925,-0.07549414038658148,-0.020580450944278534,0.8268671979506811,0.52986607948939,-0.29700111846129107,18
-54.63693669059901,-3.6914049748706206,forest,0.6891070331136385,0.14129489005597382,0.4164368510246277,0.8571043610572815,0.4406675100326538,0.8571043610572815,0.4209975600242615,-0.43610680103302,-0.10320353507995605,-0.018186996786490703,0.8026011188824972,0.57561294734478,-0.22698817153771722,22
-54.73413662016371,-3.5607767284773977,forest,0.6503100879490376,0.16571319503971305,0.4578838646411896,0.8527980446815491,0.3949141800403595,0.8167791962623596,0.4956299364566803,-0.3211492598056793,-0.16896617412567144,-0.020589008240596084,0.8080055465300878,0.49261462936798733,-0.3153909171621005,19
-54.68226087331585,-3.654384118408717,forest,0.6911714946230253,0.15444118913596797,0.5087947845458984,0.9002507925033569,0.3914560079574585,0.8853924870491028,0.5164703726768494,-0.3689221143722534,-0.13678622245788574,-0.02012878788554149,0.8359062025944392,0.5464367866516113,-0.2894694159428278,17
-54.712244220427266,-3.547317741253484,forest,0.5697903720041116,0.09595729574527237,0.3588385879993438,0.7331420183181763,0.37430343031883245,0.7054263353347778,0.3588385879993438,-0.346587747335434,-0.11296659708023071,-0.010267479588156143,0.6434164047241211,0.49616433928410214,-0.14725206544001895,23
-54.55969156136994,-3.6719640515593337,forest,0.3870721037189166,0.101549361310465,0.2292254567146301,0.6653521060943604,0.4361266493797302,0.4723870456218719,0.393250435590744,-0.07913661003112787,-0.17535790801048284,0.003752337175866843,0.37269654870033264,0.4014476587375005,0.02875111003716785,8
-54.55806375616517,-3.5810474993049795,forest,0.6327934389313062,0.08987672855143768,0.4175918102264404,0.8057488799095154,0.388157069683075,0.8057488799095154,0.5346167087554932,-0.2711321711540222,-0.1388334035873413,-0.010950499280639306,0.7029294818639755,0.5626573959986368,-0.14027208586533868,18
-54.62166791892734,-3.5580147243714837,forest,0.6713306332627932,0.17972596928551005,0.3433751761913299,0.8627002239227295,0.5193250477313995,0.8622151613235474,0.5337305665016174,-0.32848459482192993,-0.22207513451576238,-0.020453878174657398,0.8335581123828888,0.5091031541426977,-0.3244549582401911,14
-54.60917622192908,-3.5360377783628625,forest,0.59581812346975,0.14069101589614322,0.4430778920650482,0.8238862156867981,0.3808083236217499,0.7995368838310242,0.5194709897041321,-0.2800658941268921,-0.3808083236217499,-0.014126005678073204,0.6680829798181852,0.523553267121315,-0.1445297126968702,7
-54.65330626973046,-3.59332828249706,forest,0.6334705526630083,0.21381987154972804,0.3179891109466553,0.8737672567367554,0.5557781457901001,0.8649207353591919,0.4576335251331329,-0.407287210226059,-0.17463606595993042,-0.025642972718114415,0.8331643293301264,0.4337767759958903,-0.3993875533342361,14
-54.68523459950732,-3.678948481243377,forest,0.6463363505899906,0.1646563622123164,0.2694422602653503,0.8691350221633911,0.5996927618980408,0.8691350221633911,0.5007311701774597,-0.3684038519859314,-0.20239189267158514,-0.02169991893612818,0.7887944628794988,0.5038782383004824,-0.28491622457901644,20
-54.61707196181475,-3.69327800616275,forest,0.6134060397744179,0.07742161526983203,0.518058717250824,0.8299072980880737,0.31184858083724976,0.669676661491394,0.6123936772346497,-0.057282984256744385,-0.15592432022094727,-0.0014315719967302964,0.6437098582585653,0.5831022212902705,-0.060607636968294853,13
-54.69487298978333,-3.68115402711078,forest,0.6832923466960589,0.12008515351502524,0.4996916651725769,0.8680688142776489,0.368377149105072,0.864958643913269,0.5544267296791077,-0.3105319142341614,-0.19230890274047852,-0.014120571120925542,0.7633374085028967,0.6032472848892212,-0.16009012361367547,19
-54.71185456853546,-3.572253817420524,forest,0.6435009352862835,0.14668652506319613,0.4814814925193786,0.8932952880859375,0.4118137955665589,0.884067177772522,0.48573899269104,-0.398328185081482,-0.13100409507751465,-0.01997949868440624,0.7738456875085831,0.5131561830639839,-0.26068950444459915,19
-54.62430467395902,-3.6157890174008576,forest,0.6261664604147276,0.16697204997678614,0.2635983228683471,0.8808578252792358,0.6172595024108887,0.8622303009033203,0.5722384452819824,-0.2899918556213379,-0.28075689077377325,-0.017289201617240887,0.7679547121127447,0.4843782087167104,-0.2835765033960343,13
-54.731965604702104,-3.6133252167081182,forest,0.6739205891887347,0.17984835325087695,0.2681137323379516,0.8634487390518188,0.5953350067138672,0.8527480363845825,0.5726972222328186,-0.2800508141517639,-0.12699055671691895,-0.01908474665621051,0.8283046235640844,0.519536554813385,-0.3087680687506994,16
-54.67945102562834,-3.55590816942881,forest,0.6786490554610888,0.16109398726128282,0.3557894825935364,0.8596397042274475,0.5038502216339111,0.8324888348579407,0.5287958383560181,-0.3036929965019226,-0.06705117225646973,-0.019628398548001812,0.8174032668272654,0.5398948440949122,-0.2775084227323532,18
-54.63419467836019,-3.6016868465326004,forest,0.6585762749115626,0.18095942048547242,0.2478782534599304,0.8963893055915833,0.6485110521316528,0.8963893055915833,0.5200157761573792,-0.3763735294342041,-0.27857446670532227,-0.020551554767981785,0.8019890834887823,0.515163466334343,-0.2868256171544393,16
-54.652603583539,-3.506740622547916,forest,0.4796476836005847,0.06563687559328667,0.3483709394931793,0.6908608675003052,0.34248992800712585,0.6908608675003052,0.3483709394931793,-0.34248992800712585,-0.1822682023048401,-0.0031363443706346476,0.49543758978446323,0.4638577774167061,-0.03157981236775714,23
-54.598741155659305,-3.6006040879079744,forest,0.6618343169490496,0.14091863280039513,0.480658084154129,0.8877550959587097,0.40709701180458074,0.8877550959587097,0.5034920573234558,-0.3842630386352539,-0.0848548412322998,-0.019491443193477096,0.7863462467988332,0.537322387099266,-0.2490238596995672,22
-54.6541554774222,-3.694704179739007,forest,0.6455709685881933,0.1159267829729904,0.4367088675498962,0.8345560431480408,0.3978471755981446,0.8345560431480408,0.5390297174453735,-0.29552632570266724,-0.13934135437011724,-0.01296102622280948,0.7474301060040792,0.5437118311723074,-0.20371827483177185,20
-54.56149814733604,-3.636165205646534,forest,0.6591720345119635,0.18011476880079502,0.3145800232887268,0.888671875,0.5740918517112732,0.8763922452926636,0.5159676671028137,-0.36042457818984985,-0.20602554082870483,-0.022145482936631076,0.8204876383145651,0.49785643070936203,-0.32263120760520303,17
-54.69881218362385,-3.5001182149224657,forest,0.6385124797622362,0.14963137463939588,0.43205127120018,0.8588140606880188,0.4267627894878388,0.8588140606880188,0.5074962377548218,-0.351317822933197,-0.09733211994171143,-0.019515418332556,0.7785650938749313,0.4984598656495412,-0.28010522822539013,18
-54.60626206569909,-3.6905272453401423,forest,0.6446174879868826,0.1277136704203507,0.4428678154945373,0.8936924338340759,0.45082461833953863,0.8936924338340759,0.5608391761779785,-0.3328532576560974,-0.11405116319656372,-0.013217585242312846,0.7233476638793945,0.5658873120943705,-0.15746035178502404,8
-54.63007622009742,-3.68568709998761,forest,0.6241635618110498,0.16151528710009994,0.3286064863204956,0.9230152368545532,0.5944087505340576,0.8857722282409668,0.5541737079620361,-0.33159852027893066,-0.18463003635406494,-0.018822248746519495,0.7585932662089666,0.48973385741313297,-0.26885940879583364,16
-54.56332232863101,-3.5126186919954643,forest,0.6542847541471323,0.13492804985381415,0.4354066848754883,0.8567901253700256,0.42138344049453735,0.8567901253700256,0.5303429961204529,-0.32644712924957275,-0.24937283992767334,-0.01661599805821542,0.7688728471597036,0.5396966611345609,-0.22917618602514267,14
-54.64078918665038,-3.57667221372081,forest,0.6659910554687182,0.14857683450598258,0.411680668592453,0.8803507089614868,0.4686700403690338,0.8803507089614868,0.411680668592453,-0.4686700403690338,-0.10395348072052002,-0.017842383177384066,0.7775590668121973,0.554423044125239,-0.2231360226869583,23
-54.69162111969495,-3.6872054915183456,forest,0.728817030787468,0.1246230850632703,0.5394191145896912,0.8896644711494446,0.3502453565597534,0.8743094205856323,0.5396984815597534,-0.3346109390258789,-0.1837581992149353,-0.014239079589429082,0.8127811799446741,0.6448528816302618,-0.16792829831441236,19
-54.602507910961634,-3.679642802250197,forest,0.6736121972401937,0.17022935712413118,0.4728305041790008,0.917059361934662,0.4442288577556612,0.9110671877861024,0.5514882802963257,-0.3595789074897767,-0.1797524094581604,-0.02090354118658145,0.8299067815144857,0.5173176129659017,-0.312589168548584,16
-54.747506868032424,-3.613192876848737,forest,0.6239218395203352,0.18843640953480675,0.209999993443489,0.8856416940689087,0.6756417006254197,0.8856416940689087,0.5292258858680725,-0.3564158082008362,-0.6662413924932481,-0.015096776984308061,0.741861409197251,0.5059822698434194,-0.23587913935383154,3
-54.60846381798398,-3.5397302137156124,forest,0.6653774691124758,0.14055676084539462,0.3622616827487945,0.8928477168083191,0.5305860340595245,0.8928477168083191,0.5641812682151794,-0.32866644859313965,-0.23887386918067938,-0.017514415292636195,0.7827803989251455,0.547974539299806,-0.2348058596253395,18
-54.629138539240216,-3.5306251593772173,forest,0.5933311345676581,0.12057324569338906,0.4672057628631592,0.8329670429229736,0.36576128005981445,0.8329670429229736,0.4822817742824554,-0.35068526864051824,-0.13742893934249878,-0.014979275944440255,0.6760104348262151,0.5106518343091011,-0.16535860051711404,21
-54.668699559246576,-3.530245582987905,forest,0.6759766216079394,0.13268849966314705,0.4262776672840118,0.9033297300338744,0.4770520627498626,0.9033297300338744,0.5923458337783813,-0.31098389625549305,-0.16456514596939087,-0.014649282901183397,0.7732734978199005,0.5786797453959783,-0.19459375242392218,18
-54.64870533790032,-3.655392774400341,forest,0.6601262092590332,0.12497996003518891,0.4740425646305084,0.8943930268287659,0.42035046219825745,0.8688102960586548,0.548362672328949,-0.3204476237297058,-0.14498567581176758,-0.015899477704711566,0.7613064547379812,0.5589459637800852,-0.202360490957896,19
-54.5611708706679,-3.6450058252325768,forest,0.6514449119567871,0.14576485578978543,0.3897773623466491,0.8784704208374023,0.48869305849075323,0.8660481572151184,0.560764491558075,-0.30528366565704346,-0.10989934206008917,-0.013261551805164485,0.7137003739674886,0.5891894499460856,-0.12451092402140307,8
-54.74475970316245,-3.651465191408995,forest,0.6529176384210587,0.07668948909700439,0.5459425449371338,0.7963050603866577,0.2503625154495239,0.7646173238754272,0.5530799627304077,-0.21153736114501953,-0.07922393083572388,-0.00991963604222172,0.7214422176281611,0.5843930592139562,-0.13704915841420484,22
-54.67666248774851,-3.629730063342147,forest,0.4681284228960673,0.18796123042200602,0.2240768820047378,0.8746401071548462,0.6505632251501083,0.8746401071548462,0.5798373222351074,-0.29480278491973877,-0.4508075565099717,-0.004735399964063036,0.47367079307635623,0.46258605271577835,-0.011084740360577883,4
-54.64506649811128,-3.523374623592815,forest,0.6768106321493784,0.1541382368738337,0.3596368730068207,0.8682634830474854,0.5086266100406647,0.8682634830474854,0.5723028779029846,-0.29596060514450073,-0.15013667941093445,-0.01923762435498442,0.8120173364877701,0.5416039278109869,-0.2704134086767832,18
-54.69153235457806,-3.5958458784081664,forest,0.5985825173556805,0.1725988080731532,0.2978152632713318,0.8671926259994507,0.5693773627281189,0.8671926259994507,0.5271590352058411,-0.3400335907936096,-0.18478035926818853,-0.01909752362448234,0.7441190133492152,0.4530460213621457,-0.29107299198706943,18
-54.681972209262305,-3.53564538812536,forest,0.4696272773047288,0.1219607194491689,0.2219518721103668,0.6736482977867126,0.4516964256763458,0.616284966468811,0.3829964995384216,-0.23328846693038946,-0.20793807506561282,-0.011646873782510335,0.567043532927831,0.3722110216816266,-0.19483251124620443,14
-54.7184796973423,-3.679297946337989,forest,0.6634734459221363,0.1420621863709755,0.4551876485347748,0.8352941274642944,0.38010647892951965,0.8267009258270264,0.5186180472373962,-0.3080828785896301,-0.09867829084396362,-0.0181767191964647,0.7901540497938792,0.5367928420503935,-0.2533612077434857,19
-54.64940094935248,-3.565622482846902,forest,0.5627421525617441,0.13160169405619493,0.2834502458572387,0.8288450241088867,0.545394778251648,0.8288450241088867,0.5448954701423645,-0.2839495539665222,-0.28615173697471624,-0.009081718830958646,0.6184262285629908,0.5070580765604973,-0.1113681520024935,11
-54.59089495978184,-3.5820750294189367,forest,0.6049989387392998,0.14514035445428128,0.3692623972892761,0.8664859533309937,0.49722355604171753,0.8664859533309937,0.5011236071586609,-0.36536234617233276,-0.12729811668395996,-0.016414637436037476,0.7063284814357758,0.5036693960428238,-0.20265908539295197,16
-54.595230047736194,-3.621457988287815,forest,0.6341737111409506,0.19463628654801413,0.3804010152816772,0.8785357475280762,0.498134732246399,0.863101601600647,0.4256410300731659,-0.4374605715274811,-0.16756951808929443,-0.024929372098134898,0.8140399555365244,0.4543074667453766,-0.35973248879114783,19
-54.743426465946705,-3.676780138419689,forest,0.6112619042396545,0.16697044102612993,0.2592454850673675,0.8312447667121887,0.5719992816448212,0.826603353023529,0.4867326617240906,-0.3398706912994385,-0.2859996557235718,-0.01772212282471033,0.7574337273836136,0.4650900810956955,-0.2923436462879181,13
-54.7422554797542,-3.634211269904702,forest,0.6700992087523142,0.17660009670503385,0.4641573131084442,0.8714156150817871,0.4072583019733429,0.8668649792671204,0.4929262697696686,-0.3739387094974518,-0.193294495344162,-0.021775808982227154,0.8387900739908218,0.5014083435138067,-0.33738173047701514,13
-54.65090173174626,-3.628736503268612,forest,0.5348537862300873,0.13293234830605527,0.3545930385589599,0.8635851144790649,0.508992075920105,0.8635851144790649,0.5931548476219177,-0.2704302668571472,-0.4203142821788788,0.004237167964810908,0.48751315971215564,0.5821944127480189,0.09468125303586322,4
-54.63788010498672,-3.603878170301442,forest,0.7289223074913025,0.12885756613188515,0.514779269695282,0.8722860813140869,0.35750681161880493,0.8722860813140869,0.514779269695282,-0.35750681161880493,-0.07470452785491943,-0.01643355633901511,0.8333207170168558,0.6245238979657491,-0.2087968190511067,23
-54.61441143962721,-3.5666075672873188,forest,0.7049588610728582,0.14298864563224245,0.4608421921730041,0.8955365419387817,0.43469434976577764,0.8955365419387817,0.6049869060516357,-0.290549635887146,-0.1673357486724854,-0.01659859678019648,0.8325555721918741,0.5773621499538422,-0.255193422238032,16
-54.63297043567174,-3.580713506421832,forest,0.6724112629890442,0.14908691632955842,0.4212598502635956,0.8632309436798096,0.441971093416214,0.8632309436798096,0.5193434953689575,-0.34388744831085205,-0.1322517991065979,-0.017983622758284835,0.7973089963197708,0.5475135296583176,-0.24979546666145325,18
-54.61119099736277,-3.570517835424786,forest,0.6888423450291157,0.15656385502401027,0.368264377117157,0.9020852446556092,0.5338208675384523,0.9020852446556092,0.5851902365684509,-0.3168950080871583,-0.2031598687171936,-0.01698139521090878,0.8206553558508555,0.5570293342073759,-0.2636260216434796,18
-54.72298983906404,-3.6117916240649217,forest,0.6429021023213863,0.13454317485334905,0.4797827303409576,0.8859151005744934,0.4061323702335358,0.8859151005744934,0.518081784248352,-0.36783331632614136,-0.08439350128173828,-0.017952284540819072,0.7593894451856613,0.5264147594571114,-0.23297468572854996,16
-54.57145878425788,-3.692738864779105,forest,0.644545047233502,0.12748151760947415,0.3767678439617157,0.8590078353881836,0.4822399914264679,0.8590078353881836,0.5976543426513672,-0.2613534927368164,-0.240321546792984,-0.011338723263014891,0.7341808478037516,0.5549092466632525,-0.17927160114049911,13
-54.578967210703155,-3.667364368587171,forest,0.6747118768592676,0.17900230299004063,0.313831478357315,0.8989280462265015,0.5850965678691864,0.8989280462265015,0.5979264378547668,-0.3010016083717346,-0.2002232968807221,-0.018287725202415277,0.8269120454788208,0.5225117082397143,-0.30440033723910653,15
-54.64855027350765,-3.615132714215398,forest,0.6676620207726955,0.1316466184923925,0.4996553957462311,0.8821204900741577,0.38246509432792664,0.8821204900741577,0.5563002824783325,-0.3258202075958252,-0.06963163614273071,-0.01689004277405531,0.7876077642043432,0.5477162773410479,-0.2398914868632953,13
-54.74797413253171,-3.516920612582074,forest,0.6700472570955753,0.14670748111575505,0.4274084270000458,0.8547618985176086,0.42735347151756287,0.8547618985176086,0.5558343529701233,-0.29892754554748535,-0.15917426347732544,-0.01780766822721644,0.8043047388394674,0.5357897753516833,-0.26851496348778414,17
-54.659014954533134,-3.509146344647877,forest,0.44896401402850944,0.15757167313581608,0.0239121913909912,0.75482577085495,0.7309135794639587,0.75482577085495,0.382409930229187,-0.37241584062576294,-0.3011907041072845,-0.008959035931721957,0.48400017867485684,0.4139278493821621,-0.07007232929269475,11
-54.692651219804155,-3.5267448453168058,forest,0.6426762081682682,0.15136755654035125,0.3253765404224396,0.8725695610046387,0.5471930205821991,0.828311562538147,0.5544340014457703,-0.2738775610923767,-0.0861069262027741,-0.01651831146167668,0.7683623284101486,0.5169900879263878,-0.25137224048376083,16
-54.56552208520087,-3.588633516725844,forest,0.5180246296028296,0.16592025697681728,0.2039702236652374,0.8623853325843811,0.6584151089191437,0.8544061183929443,0.3462783098220825,-0.5081278085708618,-0.2977762520313263,-0.014929361537746733,0.5858173022667567,0.45023195693890256,-0.1355853453278541,6
-54.70946444242646,-3.562950513578856,forest,0.5891513402263323,0.12706117761924354,0.3663743734359741,0.8079169392585754,0.4415425658226013,0.7451039552688599,0.4882681667804718,-0.25683578848838806,-0.19004583358764648,-0.015535296668177037,0.6986858695745468,0.47961681087811786,-0.21906905869642895,14
-54.64020438669411,-3.511094066829475,forest,0.6805926089485487,0.13553757903192262,0.4770441651344299,0.8760631680488586,0.39901900291442877,0.8674837350845337,0.526442289352417,-0.3410414457321167,-0.05867564678192139,-0.01878703835217846,0.800513838728269,0.5606713791688284,-0.2398424595594406,22
-54.6621455876379,-3.646297270472035,forest,0.4672566733012597,0.15057389155636916,0.1912568360567093,0.8108815550804138,0.6196247190237045,0.8108815550804138,0.5631205439567566,-0.24776101112365723,-0.33161178231239324,0.0019003094732761461,0.4215833904842536,0.5129299561182658,0.09134656563401217,11
-54.72234259970118,-3.5602732862626643,forest,0.5159532887240251,0.13212225974338426,0.2548863291740417,0.7683001756668091,0.5134138464927673,0.7124218344688416,0.5090722441673279,-0.20334959030151367,-0.42107987403869634,-0.0008752111118772665,0.5337578331430753,0.49814874430497486,-0.03560908883810049,3
-54.55517807620388,-3.69433124588572,forest,0.6305438900987307,0.13755640604125677,0.3803116083145141,0.8957111835479736,0.5153995752334595,0.8957111835479736,0.5376197099685669,-0.35809147357940674,-0.2003740668296814,-0.014471937132918292,0.7319614738225937,0.5291263063748678,-0.2028351674477259,13
-54.60191092904437,-3.5146139274880666,forest,0.48445370762298506,0.2549375908408672,-0.0626276358962059,0.8587667942047119,0.9213944301009178,0.8587667942047119,0.5233201384544373,-0.33544665575027466,-0.14897561073303223,-0.011472213167859149,0.5064497062315544,0.46245770901441574,-0.043991997217138645,10
-54.611608580310055,-3.5704073248208426,forest,0.6971256223817667,0.16153478420108308,0.3636363744735718,0.8925900459289551,0.5289536714553833,0.8902720212936401,0.5947238206863403,-0.2955482006072998,-0.12887626886367798,-0.017965246037296607,0.8371516267458597,0.5570996180176735,-0.28005200872818625,18
-54.73623451693675,-3.5331154495697685,forest,0.6669269440074762,0.15464527162522732,0.341016948223114,0.8694924712181091,0.5284755229949951,0.8694924712181091,0.5531345009803772,-0.31635797023773193,-0.10623088479042059,-0.019283926266690933,0.8058947374423345,0.5279591505726179,-0.27793558686971664,18
-54.64531523043102,-3.5185605253326777,forest,0.558857831483086,0.17565135235433751,0.2336448580026626,0.8776897192001343,0.6440448611974716,0.8776897192001343,0.5394641757011414,-0.3382255434989929,-0.18006497621536255,-0.016591318100690818,0.6825950890779495,0.4351205738882224,-0.24747451518972713,13
-54.57440182380146,-3.537498446189967,forest,0.6161357536911964,0.15442970744824863,0.2953367829322815,0.8194980621337891,0.5241612792015076,0.7695254683494568,0.5766327381134033,-0.19289273023605347,-0.4185487926006317,-0.0096280369032984,0.7249509170651436,0.5073205903172493,-0.2176303267478943,13
-54.64682022075112,-3.649657871650114,forest,0.6636466843386492,0.1304031958064691,0.4718388617038727,0.8763377070426941,0.4044988453388214,0.8763377070426941,0.5284422039985657,-0.3478955030441284,-0.25970780849456787,-0.016676887416321264,0.7743264983097712,0.552966870367527,-0.22135962794224417,20
-54.64880489921777,-3.679837724439644,forest,0.6488271616399288,0.17881043325360008,0.333832323551178,0.8881720304489136,0.5543397068977356,0.8592965006828308,0.5186164975166321,-0.34068000316619873,-0.24212324619293213,-0.02102800826663553,0.8175451954205831,0.48010912785927456,-0.33743606756130856,13
-54.61823077030531,-3.673204556154199,forest,0.6675892447431883,0.13267448592369394,0.4421023726463318,0.8741695880889893,0.43206721544265747,0.8741695880889893,0.5770909786224365,-0.29707860946655273,-0.12450629472732544,-0.016291674297788845,0.7808243185281754,0.554354170958201,-0.2264701475699743,20
-54.647765407499854,-3.6891236051666367,forest,0.47849353527029354,0.17912213349867356,0.2412159442901611,0.8824301958084106,0.6412142515182495,0.8824301958084106,0.61211758852005,-0.2703126072883606,-0.254554033279419,-0.0015935453254243429,0.46560992300510406,0.49137714753548306,0.025767224530378996,9
-54.69009750194507,-3.6535839078660426,forest,0.6357756492992243,0.14442648634439675,0.3932705223560333,0.881147563457489,0.4878770411014557,0.876731276512146,0.5419753193855286,-0.33475595712661743,-0.1963125467300415,-0.0186672503403995,0.7627588957548141,0.5087924028436343,-0.2539664929111799,20
-54.625993691457666,-3.5426426575954983,forest,0.4811156603197257,0.1041878795971955,0.2929411828517914,0.7082847356796265,0.4153435528278351,0.6630408763885498,0.2929411828517914,-0.3700996935367584,-0.16230425238609314,-0.009576187846453277,0.5379877388477325,0.4242435817917188,-0.11374415705601376,23
-54.73853940909189,-3.5299432629689234,forest,0.6292843744158745,0.20760663820803332,0.1540565192699432,0.8843187689781189,0.7302622497081757,0.8616438508033752,0.5236976146697998,-0.33794623613357544,-0.15389490127563477,-0.022518037790837477,0.8048446327447891,0.45372411608695984,-0.3511205166578293,16
-54.577846461009074,-3.6315461851423954,forest,0.5965000900129477,0.1598364429216523,0.3688174784183502,0.8716490864753723,0.5028316080570221,0.8716490864753723,0.5098317265510559,-0.3618173599243164,-0.14144784212112427,-0.014656579326028391,0.6681978727380434,0.5248023072878519,-0.1433955654501915,16
-54.61819918680593,-3.6194773936593103,forest,0.6797571778297424,0.12437578134285936,0.3557323813438415,0.8654037714004517,0.5096713900566101,0.8654037714004517,0.5832274556159973,-0.28217631578445435,-0.24328511953353887,-0.014464284751726226,0.7813934087753296,0.5781209468841553,-0.20327246189117432,21
-54.719161823562075,-3.594267516287378,forest,0.5226145548125108,0.09356725150490074,0.331743061542511,0.6678683161735535,0.3361252546310425,0.5158873796463013,0.4345197975635528,-0.08136758208274847,-0.11670821905136103,-0.008873700071936066,0.6037073383728663,0.4415217712521553,-0.16218556712071097,14
-54.73272806509968,-3.5243055689208025,forest,0.6419291645288467,0.15293462091660529,0.4388870596885681,0.8727766275405884,0.43388956785202026,0.8727766275405884,0.5213837623596191,-0.35139286518096924,-0.14623361825942993,-0.019440798189329037,0.7799706806739172,0.5038876483837763,-0.27608303229014086,18
-54.56514204811808,-3.5356773725977195,forest,0.6246702075004578,0.22708335212314162,0.2236147820949554,0.9009345769882202,0.6773197948932648,0.9009345769882202,0.3848802745342254,-0.5160543024539948,-0.28464746475219727,-0.027704807804978394,0.8029323269923528,0.44640808800856274,-0.3565242389837901,20
-54.6374943758488,-3.5884802817749093,forest,0.7229163199663162,0.1362380430431702,0.5351478457450867,0.8931879997253418,0.3580401539802551,0.8889837861061096,0.5500845909118652,-0.3388991951942444,-0.18703556060791016,-0.017049491975618423,0.838734433054924,0.6070982068777084,-0.23163622617721558,22
-54.55307852467981,-3.650419662033764,forest,0.6505820055802664,0.13851135810420948,0.417018711566925,0.8538262844085693,0.43680757284164434,0.8216644525527954,0.5445396900177002,-0.2771247625350952,-0.16210848093032837,-0.016644258110419557,0.7718403438727061,0.5293236672878265,-0.24251667658487952,16
-54.73481032681896,-3.5876118152797645,forest,0.4330257164935271,0.16038850459389237,0.2531293332576751,0.7683325409889221,0.515203207731247,0.7683325409889221,0.2764530479907989,-0.4918794929981232,-0.11381193995475769,-0.020719119271506416,0.562219629685084,0.3038318033019702,-0.2583878263831138,17
-54.68424288043798,-3.6355322454383914,forest,0.6709210425615311,0.11726106632101749,0.4558342397212982,0.8737227916717529,0.4178885519504547,0.869751513004303,0.6154444813728333,-0.2543070316314697,-0.09330451488494873,-0.014163685181866515,0.7681280622879664,0.5737140228350958,-0.1944140394528706,18
-54.74858292916601,-3.5807521180904134,forest,0.6767913152774175,0.1851543012345269,0.2810902893543243,0.8711819648742676,0.5900916755199432,0.8711819648742676,0.525057852268219,-0.3461241126060486,-0.5720924437046051,-0.016211503096248765,0.8033358429869016,0.5502467875679334,-0.2530890554189682,3
-54.697193259544875,-3.662428290361464,forest,0.6543799750506878,0.17981309396363118,0.4072698354721069,0.854965329170227,0.4476954936981202,0.8391711711883545,0.4301507472991943,-0.4090204238891602,-0.16690558195114136,-0.02245831151371416,0.8061153590679169,0.5026445910334587,-0.30347076803445816,22
-54.7419136137214,-3.627127684704878,forest,0.6390522172053655,0.11911565774513304,0.3987386226654053,0.8263607621192932,0.42762213945388794,0.8263607621192932,0.5677735209465027,-0.2585872411727905,-0.37399980425834656,-0.00225256292716314,0.6605535646279653,0.6175508697827657,-0.043002694845199585,3
-54.57420622552271,-3.6326658384805257,forest,0.6205250024795532,0.1686305690953196,0.2882583737373352,0.8951848745346069,0.6069265007972717,0.8923482894897461,0.5596638917922974,-0.33268439769744873,-0.10482150316238403,-0.01787754688573918,0.7399748116731644,0.5010751932859421,-0.2388996183872223,16
-54.61418515797608,-3.5486906073196187,forest,0.645497248818477,0.1444319333150732,0.4840989410877228,0.8601792454719543,0.37608030438423157,0.822191596031189,0.4840989410877228,-0.3380926549434662,-0.2570750117301941,-0.017853635044201552,0.7753949016332626,0.5155995960036913,-0.2597953056295713,23
-54.68437983816196,-3.535671852997592,forest,0.5532419743637244,0.10918455010685403,0.3523991107940674,0.7329136729240417,0.38051456212997437,0.7000964283943176,0.4514210224151611,-0.24867540597915655,-0.10834264755249023,-0.011999045752960697,0.6444049725929896,0.4620789761344592,-0.18232599645853037,18
-54.61162406806661,-3.58815155425981,forest,0.6517174256344637,0.15976117517700364,0.4042027294635772,0.9020827412605286,0.49788001179695135,0.9020827412605286,0.5817332863807678,-0.32034945487976074,-0.16895928978919988,-0.019234773477782345,0.7867031494776408,0.5167317017912865,-0.2699714476863543,20
-54.551826831178786,-3.5435432152992883,forest,0.7047613275547823,0.16930897684034665,0.4267078638076782,0.8944723606109619,0.4677644968032837,0.8944723606109619,0.5184814929962158,-0.3759908676147461,-0.08717656135559082,-0.021140763435674753,0.8518995940685272,0.5576230610410372,-0.29427653302749,17
-54.56248694824541,-3.5195393590163944,forest,0.6262871958315372,0.1636446391491987,0.4009686410427093,0.8846153616905212,0.48364672064781195,0.8846153616905212,0.5271857976913452,-0.357429563999176,-0.17420685291290283,-0.018705130698888184,0.7318613280852636,0.5207130635778109,-0.21114826450745272,16
-54.74591140337145,-3.5416305420417853,forest,0.5343867037445307,0.16539721239175467,0.2111683338880539,0.7657077312469482,0.5545393973588943,0.7105341553688049,0.4234316051006317,-0.2871025502681732,-0.10163497924804688,-0.01776149773727293,0.6785052319367727,0.3902681755522887,-0.288237056384484,16
-54.748656843167325,-3.6423601397598873,forest,0.6977419902880987,0.12379328989031925,0.5217467546463013,0.8662463426589966,0.3444995880126953,0.854861319065094,0.5719844102859497,-0.2828769087791443,-0.13184672594070435,-0.014969021392905187,0.809978316227595,0.5855056643486023,-0.22447265187899268,20
-54.59973524484174,-3.541395842279682,forest,0.7158102889855703,0.09707603727273556,0.5857892632484436,0.8770625591278076,0.291273295879364,0.8598622679710388,0.642361581325531,-0.2175006866455078,-0.1987115740776062,-0.01103823470032732,0.7921849836905798,0.6394355942805608,-0.15274938941001892,8
-54.626057079757075,-3.6397487621107474,forest,0.6750567692021529,0.17149024537395358,0.2566371560096741,0.8995020389556885,0.6428648829460144,0.8640062808990479,0.6102728843688965,-0.25373339653015137,-0.11867743730545044,-0.018488651190115044,0.819736565152804,0.5303769732515017,-0.28935959190130234,16
-54.68792748174243,-3.5066472072715933,forest,0.6693461363514265,0.1326625390624282,0.5057096481323242,0.8932566046714783,0.38754695653915405,0.8932566046714783,0.5487198233604431,-0.34453678131103516,-0.03581047058105469,-0.01788643958775892,0.7848520825306574,0.5538401901721954,-0.23101189235846198,19
-54.662157564153155,-3.610574889951233,forest,0.6549411105612913,0.12371559900196966,0.4978292286396026,0.8686205148696899,0.37079128623008734,0.8686205148696899,0.5413382053375244,-0.3272823095321655,-0.1288793683052063,-0.014560268663841728,0.7465166399876276,0.563365581134955,-0.18315105885267258,20
-54.639533449951855,-3.6180995326271224,forest,0.6524328924715519,0.12566092792519387,0.2923479378223419,0.849711000919342,0.5573630630970001,0.849711000919342,0.6080683469772339,-0.24164265394210815,-0.3187413513660431,-0.013311255017052518,0.7466383775075277,0.5582274074355761,-0.18841097007195162,21
-54.63946568708051,-3.6135329154464886,forest,0.675924522181352,0.0872355448401928,0.552092432975769,0.8371584415435791,0.28506600856781006,0.8371584415435791,0.5800711512565613,-0.2570872902870178,-0.043648719787597656,-0.011717674706293181,0.7531183063983917,0.5987307379643122,-0.15438756843407953,19
-54.58465701607956,-3.518189796040343,forest,0.6897360011935234,0.1001260173089332,0.5419797301292419,0.8815546035766602,0.3395748734474182,0.8815546035766602,0.5755682587623596,-0.30598634481430054,-0.13004988431930542,-0.013595438962397358,0.7732409238815308,0.606231078505516,-0.1670098453760147,20
-54.56357794803692,-3.587140758834123,forest,0.640353262424469,0.0966595166844408,0.5327102541923523,0.8707322478294373,0.33802199363708496,0.8465855717658997,0.6177285313606262,-0.22885704040527344,-0.12130963802337646,-0.008189337305400666,0.681946317354838,0.5987602074941,-0.08318610986073804,8
-54.6615702885071,-3.5589519882416325,forest,0.6812973742683729,0.15101704488661638,0.3159136176109314,0.8639618158340454,0.548048198223114,0.8639618158340454,0.5502849817276001,-0.3136768341064453,-0.12101417779922491,-0.018280119507209095,0.80113252500693,0.5614622235298157,-0.23967030147711432,18
-54.58233528174082,-3.587403551586725,forest,0.6874917497237524,0.1494462235253834,0.4236641228199005,0.8622713685035706,0.43860724568367004,0.8486742973327637,0.528698742389679,-0.3199755549430847,-0.18774062395095825,-0.017515226628469365,0.8108908881743749,0.5640926112731298,-0.24679827690124512,18
-54.61000379563555,-3.5500541298557504,forest,0.6531804104646047,0.1572469653171124,0.4756944477558136,0.8690744638442993,0.3933800160884857,0.8305338025093079,0.5011162757873535,-0.32941752672195435,-0.1558864712715149,-0.019678536964499414,0.7951461225748062,0.5112146983544031,-0.2839314242204031,21
-54.61472124465654,-3.5507732888541383,forest,0.6362428267796835,0.16037729634464742,0.422071635723114,0.8682559728622437,0.44618433713912964,0.8610422015190125,0.5425878763198853,-0.3184543251991272,-0.37163689732551575,-0.018121308114217652,0.771957573791345,0.5005280797680219,-0.27142949402332306,18
-54.7082709334888,-3.6003250905956405,forest,0.5871133680144945,0.07195651910684957,0.4945940971374511,0.7568144202232361,0.26222032308578497,0.6853423714637756,0.4945940971374511,-0.19074827432632452,-0.12844985723495483,-0.008770241504130137,0.6438761303822199,0.5303506056467692,-0.11352552473545074,23
-54.63234628907898,-3.699504413828595,forest,0.7209227705995241,0.12763794837650497,0.5397863388061523,0.888063371181488,0.3482770323753357,0.888063371181488,0.6052443981170654,-0.2828189730644226,-0.15247464179992676,-0.015783418702042598,0.8428580860296885,0.5989874551693598,-0.24387063086032867,13
-54.57880749823726,-3.5779950983110176,forest,0.6699266036351522,0.13602441691002654,0.4408692121505737,0.8746835589408875,0.4338143467903138,0.8746835589408875,0.5334047675132751,-0.3412787914276123,-0.07945644855499268,-0.015159412829772286,0.7544101079305013,0.5854430993398031,-0.16896700859069824,18
-54.72417273366036,-3.5367285854848345,forest,0.6601776120563349,0.13891774017493477,0.4803836047649383,0.8892128467559814,0.40882924199104315,0.8892128467559814,0.5469824075698853,-0.3422304391860962,-0.06764683127403265,-0.01802183028148567,0.7847817689180374,0.5355734551946322,-0.24920831372340524,18
-54.60658860671189,-3.5483400913072725,forest,0.5875533546010653,0.19366674406964887,0.2966177761554718,0.8844720721244812,0.5878542959690094,0.8454873561859131,0.4568362236022949,-0.38865113258361816,-0.253679096698761,-0.022052009546238413,0.7334006652235985,0.44170604397853214,-0.29169462124506634,11
-54.671591507627625,-3.5291594986610018,forest,0.646230281641086,0.1719680165256144,0.3074733018875122,0.8789928555488586,0.5715195536613464,0.8789928555488586,0.5270048975944519,-0.35198795795440674,-0.08186286687850958,-0.021809281097806003,0.7989497383435568,0.49351082493861514,-0.3054389134049416,18
-54.667194483573525,-3.585898169410882,forest,0.6851721505324045,0.11072171417075638,0.4971977472305298,0.873393177986145,0.37619543075561523,0.8716289401054382,0.5736160278320312,-0.298012912273407,-0.09126722812652588,-0.01100938636323675,0.7340179085731506,0.6363263924916586,-0.09769151608149207,8
-54.74987153926003,-3.571025377064428,forest,0.702386200428009,0.132682872143486,0.5116592645645142,0.862404465675354,0.35074520111083984,0.862404465675354,0.5116592645645142,-0.35074520111083984,-0.06302499771118164,-0.017024391889572135,0.814880813161532,0.589891587694486,-0.22498922546704603,23
-54.60636484157441,-3.5865781269022414,forest,0.4179862638314565,0.13085745571677454,0.2488746047019958,0.6720214486122131,0.42314684391021734,0.6636125445365906,0.5107536315917969,-0.1528589129447937,-0.24524071812629705,0.0019504673843798598,0.38727112114429474,0.4487014065186183,0.061430285374323546,6
-54.65068823659128,-3.538012705257658,forest,0.6562813160320123,0.10161009927574499,0.3574110567569732,0.8463878035545349,0.4889767467975617,0.8292616009712219,0.5836357474327087,-0.24562585353851318,-0.24153873324394232,-0.012218445345111498,0.7261537710825602,0.5864088609814644,-0.1397449101010958,20
-54.61372545656695,-3.6443851920559953,forest,0.6796263804038366,0.15661859714497284,0.4807864129543304,0.9016036987304688,0.42081728577613836,0.8909302949905396,0.508650541305542,-0.38227975368499756,-0.25223177671432495,-0.019339551744253718,0.8152632067600886,0.5439895540475845,-0.27127365271250403,21
-54.558185332384,-3.5585465611609317,forest,0.678120651592811,0.13776031417735848,0.422527939081192,0.8930622935295105,0.4705343544483185,0.8729028701782227,0.5459717512130737,-0.3269311189651489,-0.2824118137359619,-0.01632623025904531,0.7750775367021561,0.5811637664834658,-0.19391377021869027,20
-54.55241221421751,-3.505747736746226,forest,0.6280618819097677,0.17155391839950318,0.3670727908611297,0.8579315543174744,0.49085876345634466,0.8579315543174744,0.4638336300849914,-0.39409792423248297,-0.1019396185874939,-0.022028779193111053,0.7847196261088053,0.47140413771073025,-0.31331548839807505,16
-54.56621805543798,-3.5489256917549383,forest,0.7445823177695274,0.13257691817604003,0.5618221163749695,0.8943414092063904,0.3325192928314209,0.8788558840751648,0.5903290510177612,-0.28852683305740356,-0.09554260969161987,-0.01680284984733745,0.8598206490278244,0.6293439865112305,-0.23047666251659393,19
-54.6281141263006,-3.6655658672634153,forest,0.6881964529554049,0.12890948445998282,0.4788087010383606,0.8908409476280212,0.41203224658966064,0.8908409476280212,0.6073232293128967,-0.2835177183151245,-0.08857011795043945,-0.015488959421282197,0.7984869579474131,0.5779059479633967,-0.22058100998401642,16
-54.64132971651525,-3.5469246955211347,forest,0.5919761148591837,0.15607332007344002,0.223217487335205,0.8571889996528625,0.6339715123176576,0.8571889996528625,0.5089026689529419,-0.34828633069992065,-0.25753194093704235,-0.018107762842074687,0.7169729024171829,0.46697932730118435,-0.24999357511599857,14
-54.645828568258885,-3.5263521743188684,forest,0.6724113288025061,0.13787038881253935,0.450871080160141,0.8778886198997498,0.42701753973960876,0.8731401562690735,0.5565935969352722,-0.31654655933380127,-0.11524716019630432,-0.017683224768742244,0.7971433599789938,0.5476792976260185,-0.24946406235297525,16
-54.72806882016166,-3.623811930390273,forest,0.6690586109956106,0.1416834916593655,0.5080817937850952,0.8637565970420837,0.3556748032569885,0.8637565970420837,0.5215238332748413,-0.34223276376724243,-0.2716643810272217,-0.01644608855247496,0.7932121356328329,0.5449050863583883,-0.24830704927444458,21
-54.64880711628127,-3.6135349408261783,forest,0.6599237682918707,0.13014102959646529,0.4563773870468139,0.85831218957901,0.4019348025321961,0.8509705662727356,0.5118539929389954,-0.33911657333374023,-0.11862421035766602,-0.017666972966297812,0.7714961816867193,0.5483513548970222,-0.22314482678969705,21
-54.5824765414289,-3.60312314815971,forest,0.645002101858457,0.10605743933616492,0.505836546421051,0.8663058280944824,0.3604692816734314,0.8029689788818359,0.5660112500190735,-0.23695772886276245,-0.08116018772125244,-0.013390824794769274,0.7335310379664103,0.5564731657505035,-0.17705787221590674,17
-54.655304919601136,-3.667124254815111,forest,0.6350779694815477,0.20013694259063197,0.3134188950061798,0.8820093274116516,0.5685904324054718,0.8820093274116516,0.4749555885791778,-0.4070537388324738,-0.17067822813987732,-0.02491398190674573,0.8166744063297907,0.4534815326333046,-0.3631928736964861,18
-54.60897481080016,-3.5409353074944496,forest,0.6273838989436626,0.14135334374547873,0.3433782756328583,0.8545342087745667,0.5111559331417084,0.8545342087745667,0.5039402842521667,-0.3505939245223999,-0.20092979073524475,-0.017769119467424304,0.7444631506999334,0.5103046471873919,-0.23415850351254153,18
-54.70434065830858,-3.581564611023644,forest,0.677052803337574,0.09568813731952204,0.5587031841278076,0.8280254602432251,0.2693222761154175,0.8219598531723022,0.5729819536209106,-0.2489778995513916,-0.13466113805770874,-0.011489084259323431,0.7630595912535986,0.5910460154215494,-0.17201357583204913,13
-54.57224090116371,-3.5911803817035377,forest,0.5306341834366322,0.0748828459068958,0.39560067653656,0.7288801670074463,0.3332794904708863,0.5592668056488037,0.5221436619758606,-0.037123143672943115,-0.1636661291122437,0.0011212609773096956,0.5370753233631452,0.5241930435101191,-0.012882279853026146,1
-54.57282226097116,-3.654950439164099,forest,0.39934091828763485,0.2039188421340425,0.1096345484256744,0.6499189734458923,0.5402844250202179,0.4906991720199585,0.5932509899139404,0.10255181789398193,-0.3634873330593109,0.015043200520069711,0.2811571347216765,0.5175247018535932,0.2363675671319167,4
-54.683995131350265,-3.6058095723086367,forest,0.6452889355520407,0.16717328693707667,0.3249085545539856,0.8698973059654236,0.544988751411438,0.8463878035545349,0.4970711171627044,-0.3493166863918305,-0.18828356266021729,-0.02027183440716369,0.7939764310916265,0.496601440012455,-0.29737499107917154,18
-54.727110936205776,-3.529606992879682,forest,0.6854315002759298,0.1546838052248885,0.4624717235565185,0.8990384340286255,0.436566710472107,0.8935483694076538,0.5555555820465088,-0.337992787361145,-0.1638774275779724,-0.019729549470155115,0.8285825451215109,0.5422804554303488,-0.2863020896911621,18
-54.57726359211562,-3.5893602736924426,forest,0.4265501908957958,0.06806615912302964,0.3098872005939483,0.5616781711578369,0.2517909705638886,0.5524676442146301,0.4846727550029754,-0.06779488921165472,-0.22987332940101624,0.003441421039726431,0.4174385691682498,0.43566181262334186,0.018223243455092075,4
-54.681192566348166,-3.5961547791423407,forest,0.696002472192049,0.15770469615223917,0.3629480004310608,0.8806233406066895,0.5176753401756287,0.8790082931518555,0.5529573559761047,-0.32605093717575073,-0.19690561294555664,-0.019088963283144897,0.8250888784726461,0.5669160659114519,-0.2581728125611942,18
-54.65034416825793,-3.51483156422451,forest,0.6802827355762323,0.14646452652654862,0.4662177264690399,0.865350067615509,0.3991323411464691,0.8634058833122253,0.4662177264690399,-0.3971881568431854,-0.04098096489906311,-0.020072317628756775,0.8100421329339346,0.5505233382185301,-0.2595187947154045,23
-54.62546173112879,-3.5971361333770635,forest,0.6505098740259806,0.11216014159876062,0.547012984752655,0.8795430660247803,0.33253008127212524,0.8651378750801086,0.5774456262588501,-0.28769224882125854,-0.33253008127212524,-0.012450108683627552,0.7254738112290701,0.5755459368228912,-0.14992787440617883,3
-54.60778612920447,-3.5992134071139534,forest,0.6412093602120876,0.14552420365904745,0.4622231423854828,0.8791875243186951,0.4169643819332123,0.8791875243186951,0.4864495992660522,-0.3927379250526429,-0.12272137403488159,-0.01976205052241033,0.7679494718710581,0.5144692485531172,-0.25348022331794096,19
-54.555330263250816,-3.5375618896297616,forest,0.6100831764439741,0.12339826462374226,0.4093184471130371,0.8457976579666138,0.43647921085357666,0.8199203014373779,0.4721461236476898,-0.3477741777896881,-0.15652728080749512,-0.011802942273409443,0.6916928092638651,0.5284735436240832,-0.16321926563978195,6
-54.577853327627025,-3.603418433525786,forest,0.6657911303142706,0.14493996978535517,0.4309001863002777,0.8862343430519104,0.4553341567516327,0.8849748373031616,0.5512213706970215,-0.33375346660614014,-0.16756349802017212,-0.014981275395206776,0.7554204215606054,0.5761618390679359,-0.17925858249266946,17
-54.58255969013248,-3.638645183284559,forest,0.5705579854547977,0.15183021365306323,0.4004499316215515,0.8842235803604126,0.4837736487388611,0.8782327771186829,0.5629228949546814,-0.31530988216400146,-0.15142375230789185,-0.013696100465629404,0.6317578454812368,0.5093581254283587,-0.12239972005287814,10
-54.59761036428716,-3.671909968322195,forest,0.6757653554280599,0.1393392553188896,0.5244094729423523,0.8990520238876343,0.374642550945282,0.8990520238876343,0.5291750431060791,-0.3698769807815552,-0.20729273557662964,-0.014656180713487682,0.7783374538024267,0.5731932570536932,-0.20514419674873352,20
-54.6885896168075,-3.6108534673280537,forest,0.6620369727412859,0.15370262949642205,0.4075949490070343,0.8751279711723328,0.46753302216529846,0.8592814207077026,0.5439653396606445,-0.3153160810470581,-0.12211591005325317,-0.019330158959264328,0.805687353014946,0.518386592467626,-0.28730076054732,18
-54.68553605637131,-3.6225965768751633,forest,0.652583833783865,0.10085827127601772,0.4920374453067779,0.8394754528999329,0.34743800759315496,0.8279619812965393,0.5932678580284119,-0.23469412326812744,-0.14688456058502197,-0.009938780237799085,0.7251995553572973,0.5799681122104327,-0.14523144314686465,17
-54.58597905104326,-3.6486648215715665,forest,0.671276718378067,0.11516792518431035,0.5282555222511292,0.8765291571617126,0.3482736349105835,0.8765291571617126,0.5652173757553101,-0.3113117814064026,-0.1711558699607849,-0.011141934187515893,0.7459556857744852,0.5965977509816488,-0.14935793479283643,6
-54.600943765569085,-3.68525758617767,forest,0.6426581516861916,0.16346987328307971,0.4396075904369354,0.8731707334518433,0.43356314301490784,0.8731707334518433,0.4801762104034424,-0.3929945230484009,-0.11206436157226562,-0.01999558215555935,0.7855707009633383,0.4997456024090449,-0.28582509855429333,15
-54.59685217849699,-3.5415953514340455,forest,0.6558259328206381,0.17190509501182527,0.3789039552211761,0.8966292142868042,0.517725259065628,0.8966292142868042,0.5535811185836792,-0.343048095703125,-0.20596131682395935,-0.019814103919526767,0.7879767442742983,0.5236751213669777,-0.2643016229073206,18
-54.669660244899504,-3.555504435366506,forest,0.6363948062062263,0.20928517162824312,0.2729981243610382,0.8618440628051758,0.5888459384441376,0.8549593687057495,0.490407258272171,-0.3645521104335785,-0.14357173442840576,-0.02390880906063576,0.8239246110121409,0.44886500140031177,-0.3750596096118291,18
-54.56697231925098,-3.5398574052890948,forest,0.43651629239320755,0.1299433449266807,0.1910640746355056,0.6596764326095581,0.46861235797405254,0.6596764326095581,0.542235255241394,-0.11744117736816406,-0.2477135062217713,0.007755884126476633,0.3748025546471278,0.4982300301392873,0.12342747549215949,8
-54.67191069792061,-3.603157297143987,forest,0.4765125550329685,0.14982856858644025,0.251908391714096,0.7007960677146912,0.44888767600059515,0.6535829901695251,0.5969629883766174,-0.056620001792907715,-0.21397137641906744,-0.0013875535907952594,0.4758520796895027,0.4771730303764343,0.00132095068693161,6
-54.59412849104284,-3.6414810820301753,forest,0.49830007056395215,0.19185531134722741,0.261348009109497,0.8945578336715698,0.6332098245620728,0.8734340071678162,0.4693583250045776,-0.4040756821632386,-0.11141294240951538,-0.019708040123400467,0.624446451663971,0.3721536894639333,-0.25229276220003766,15
-54.589223451938224,-3.634385771487812,forest,0.64395921677351,0.20193260834086516,0.2135959863662719,0.8982645273208618,0.68466854095459,0.8703448176383972,0.517127513885498,-0.35321730375289917,-0.1802067756652832,-0.023225689452627415,0.8269805113474528,0.46093792219956714,-0.3660425891478856,15
-54.58880188352289,-3.682639911329856,forest,0.6459322646260262,0.15269408428015724,0.4780936241149902,0.8973180055618286,0.41922438144683843,0.8973180055618286,0.4960100650787353,-0.4013079404830933,-0.17756879329681396,-0.01849209000235018,0.7675574397047361,0.5243070895473162,-0.24325035015741991,22
-54.57610857535306,-3.5234304993067593,forest,0.6145143695175648,0.17813515322727605,0.3111203610897064,0.8972150683403015,0.5860947072505951,0.8972150683403015,0.5192044973373413,-0.3780105710029602,-0.12578648328781128,-0.02107341796159743,0.7620068937540054,0.4670218452811241,-0.2949850484728813,17
-54.559744010478674,-3.6123367381171025,forest,0.6948347613215446,0.16293857809894513,0.4956887364387512,0.8969826102256775,0.40129387378692627,0.8969826102256775,0.5419704914093018,-0.35501211881637573,-0.16675758361816406,-0.020245510728462864,0.8485129425923029,0.5411565800507864,-0.30735636254151655,19
-54.692632889063965,-3.673995000996419,forest,0.6632914009193579,0.12455606467285545,0.4503017961978912,0.8880676031112671,0.4377658069133759,0.8880676031112671,0.5597028732299805,-0.3283647298812866,-0.15111428499221802,-0.012171247484891293,0.7175087357560793,0.6090740660826365,-0.10843466967344284,9
-54.649758173292305,-3.6559903359046784,forest,0.6708816786607107,0.12101654638009003,0.5250450372695923,0.8888888955116272,0.3638438582420349,0.8888888955116272,0.5529323816299438,-0.33595651388168335,-0.11177456378936768,-0.015723696636117,0.7690500617027283,0.572713295618693,-0.19633676608403527,17
-54.56288982865213,-3.699199367511445,forest,0.6409109979867935,0.1021008734689628,0.4508270621299743,0.7656500935554504,0.31482303142547613,0.7614973187446594,0.5920842885971069,-0.1694130301475525,-0.15004944801330566,-0.009320282547370225,0.7287131597598394,0.5531088362137476,-0.1756043235460918,13
-54.721360652451374,-3.650704829383314,forest,0.6796943967541059,0.093195669470182,0.5530785322189331,0.9035704731941224,0.3504919409751893,0.8863478899002075,0.6094523668289185,-0.27689552307128906,-0.22979432344436657,-0.009552758387897322,0.7428829769293467,0.616505816578865,-0.12637716035048163,13
-54.71020865768136,-3.654844312684058,forest,0.657493549088637,0.10725525992741775,0.4388699531555176,0.8675821423530579,0.4287121891975403,0.8675821423530579,0.6010345816612244,-0.2665475606918335,-0.22343212366104126,-0.00858566157195876,0.7072013666232427,0.6077857315540314,-0.09941563506921136,6
-54.61879047898776,-3.63449758433737,forest,0.6686420378585657,0.15516781974407057,0.4751169681549072,0.9116997718811036,0.4365828037261964,0.8746318817138672,0.5316894054412842,-0.342942476272583,-0.15420883893966675,-0.019373793692692442,0.7852594157059988,0.5520246600111326,-0.23323475569486618,20
-54.62699512361933,-3.5219484132707417,forest,0.697580282886823,0.11904789627511127,0.5542249083518982,0.8879426121711731,0.3337177038192749,0.8879426121711731,0.5888832211494446,-0.2990593910217285,-0.05292755365371704,-0.015811473183009916,0.8068031618992487,0.5883574038743973,-0.21844575802485144,20
-54.629488646894856,-3.561093441742724,forest,0.6534088179469109,0.15891280688273343,0.4511923789978027,0.8892405033111572,0.43804812431335455,0.8892405033111572,0.5226494073867798,-0.36659109592437744,-0.17499932646751404,-0.017383412485537313,0.7751952682932218,0.5316223676005999,-0.24357290069262194,18
-54.676899340355725,-3.668052306475458,forest,0.6801747853557268,0.1614628355975427,0.4304808378219604,0.8693758845329285,0.4388950467109681,0.8693758845329285,0.5223727226257324,-0.34700316190719604,-0.3159140348434448,-0.018098678718442496,0.8116566886504492,0.5486928820610046,-0.2629638065894445,16
-54.685883187510015,-3.5071434702591784,forest,0.5293773089845976,0.11094489273472585,0.349271148443222,0.6950161457061768,0.34574499726295477,0.6319612860679626,0.6322115659713745,0.00025027990341186523,-0.17125284671783447,-0.0010325826250988505,0.5226664567987124,0.5360881611704826,0.01342170437177026,18
-54.62563772310937,-3.644497776113197,forest,0.6540461579958597,0.14725297296800463,0.3995006382465362,0.8763454556465149,0.4768448173999787,0.8709999918937683,0.5489781498908997,-0.32202184200286865,-0.2166004776954651,-0.017118073287217494,0.7843797852595648,0.5237125307321548,-0.2606672545274099,13
-54.65981694656758,-3.532897392513801,forest,0.643147524446249,0.15081416837861167,0.458901584148407,0.8903642892837524,0.43146270513534546,0.8771202564239502,0.458901584148407,-0.4182186722755432,-0.0770764946937561,-0.02012603859538617,0.7793395767609278,0.5069554721315702,-0.2723841046293576,23
-54.61631128585884,-3.587869431854166,forest,0.6069988707701365,0.15081223510704933,0.435673326253891,0.8562628626823425,0.42058953642845154,0.8526964783668518,0.4795629382133484,-0.3731335401535034,-0.3139195442199707,-0.017915688545807527,0.7353574136892954,0.4786403278509776,-0.2567170858383178,15
-54.57296742467323,-3.565512085556642,forest,0.6708588935434818,0.16237559300952012,0.3573859632015228,0.853728175163269,0.4963422119617462,0.853728175163269,0.4883919060230255,-0.36533626914024353,-0.12869623303413386,-0.019995865601560327,0.8071141640345255,0.5346036230524381,-0.2725105409820874,18
-54.62145405384178,-3.6620463725578465,forest,0.6576440917948881,0.1356235918656142,0.4528346359729767,0.8836488723754883,0.4308142364025116,0.8836488723754883,0.5258309841156006,-0.3578178882598877,-0.10706603527069092,-0.01571618052928342,0.739727258682251,0.5755609249075254,-0.16416633377472556,19
-54.728722263397515,-3.50697157658852,forest,0.677398552497228,0.08384104118849976,0.5346381068229675,0.820652186870575,0.2860140800476074,0.820652186870575,0.6189752221107483,-0.20167696475982666,-0.0762554407119751,-0.009266300460566642,0.7483442276716232,0.6064528773228327,-0.14189135034879052,13
-54.63022832597993,-3.616863318170714,forest,0.4630185216665268,0.2208790808844629,0.197234109044075,0.8683977723121643,0.6711636632680893,0.8683977723121643,0.444423109292984,-0.4239746630191803,-0.09423822164535528,-0.021096327499203045,0.5925570304195086,0.33348001291354495,-0.2590770175059636,14
-54.63219583581795,-3.687637607785657,forest,0.6703312247991562,0.1250237812284805,0.4956147074699402,0.8728813529014587,0.37726664543151855,0.8728813529014587,0.5690450668334961,-0.30383628606796265,-0.08147460222244263,-0.01550203960874804,0.7825958828131357,0.5580665667851766,-0.2245293160279591,13
-54.585574545219174,-3.6566708928871328,forest,0.6519415651758512,0.18142214559026595,0.3162303566932678,0.8764926791191101,0.5602623224258423,0.8718770146369934,0.4766480326652527,-0.3952289819717407,-0.17607825994491577,-0.02205905072067092,0.8142540603876114,0.489629069964091,-0.3246249904235204,16
-54.58909079873641,-3.593124311347278,forest,0.6638700738549232,0.14169797670089987,0.4664996862411499,0.8765679597854614,0.4100682735443115,0.8752387166023254,0.5660048723220825,-0.3092338442802429,-0.3454015851020813,-0.015204418612563076,0.7801278134187063,0.5476123342911402,-0.2325154791275661,16
-54.69468559726862,-3.693958010351586,forest,0.6412121057510376,0.1318325849302914,0.418513685464859,0.8560287952423096,0.43751510977745056,0.8560287952423096,0.5492525696754456,-0.306776225566864,-0.15621837973594666,-0.016571359478909004,0.7546945164601008,0.5277296950419744,-0.22696482141812635,14
-54.586833328934674,-3.6647079717061386,forest,0.6721180205543836,0.13511331692721257,0.4961832165718078,0.8816990852355957,0.3855158686637879,0.8715829849243164,0.5649065971374512,-0.30667638778686523,-0.3855158686637879,-0.011137405711671568,0.7420009225606918,0.6022351185480753,-0.1397658040126165,3
-54.73963897687202,-3.5488244538348237,forest,0.6739926847318808,0.13289666142713635,0.4824923574924469,0.875672459602356,0.39318010210990906,0.875672459602356,0.5186960697174072,-0.35697638988494873,-0.06677049398422241,-0.01793999867594759,0.7935399065415064,0.5544454629222552,-0.23909444361925125,18
-54.6799913555254,-3.62213319888167,forest,0.6185363903641701,0.16565792627031767,0.3752455711364746,0.8450536131858826,0.46980804204940796,0.8450536131858826,0.4821272790431976,-0.362926334142685,-0.11449402570724487,-0.021097491253977224,0.7656124979257584,0.4714602828025818,-0.2941522151231766,17
-54.700586482543855,-3.528164304260621,forest,0.615505401045084,0.1448814602600439,0.4577234089374542,0.8494623899459839,0.39173898100852966,0.8486819863319397,0.4577234089374542,-0.3909585773944855,-0.06973528861999512,-0.01940793621799218,0.7395329227050146,0.49147787938515347,-0.2480550433198611,23
-54.69053409477869,-3.6579614860497953,forest,0.6830592192709446,0.13547480061075062,0.4959488213062286,0.8804559111595154,0.3845070898532868,0.8686426281929016,0.521058976650238,-0.3475836515426636,-0.26366204023361206,-0.017437811973302235,0.7971997608741125,0.5689186776677767,-0.22828108320633578,19
-54.688150054732766,-3.659370084966521,forest,0.6376079929371675,0.16838663132819626,0.4302414357662201,0.8813338875770569,0.4510924518108368,0.8813338875770569,0.454020231962204,-0.4273136556148529,-0.06685519218444824,-0.02279390592937882,0.792399525642395,0.48281646023193997,-0.30958306541045505,21
-54.686468955838954,-3.6834127554263656,forest,0.7067144351700941,0.14316406717014446,0.4835399687290191,0.8959738612174988,0.41243389248847967,0.8659846782684326,0.5034347176551819,-0.36254996061325073,-0.13664883375167847,-0.017903991250888124,0.8154950241247813,0.597933846215407,-0.21756117790937424,19
-54.71829399417611,-3.6165894233207703,forest,0.7017994237442812,0.14928843524888868,0.4764512479305267,0.8899919390678406,0.4135406911373139,0.8899919390678406,0.4764512479305267,-0.4135406911373139,-0.08457374572753906,-0.02006390598805051,0.8359244366486868,0.5676744108398756,-0.2682500258088112,23
-54.57410662888202,-3.688541850655543,forest,0.6495995993415514,0.09490383172983946,0.5256982445716858,0.8443237543106079,0.3186255097389221,0.8443237543106079,0.5625318288803101,-0.28179192543029785,-0.1274404525756836,-0.01016315208828966,0.7256804505983988,0.573518748084704,-0.15216170251369476,13
-54.70746505864799,-3.5183308648916807,forest,0.5738779902458191,0.2033664898728291,0.2709572613239288,0.8780547976493835,0.6070975363254547,0.8742585778236389,0.5213328003883362,-0.35292577743530273,-0.10875695943832397,-0.024556039882742818,0.7435035407543182,0.40425243973731995,-0.3392511010169983,16
-54.57199706516801,-3.5641098333408117,forest,0.6395056831339995,0.17322409709775533,0.3354410231113434,0.8898440003395081,0.5544029772281647,0.8898440003395081,0.5442748069763184,-0.3455691933631897,-0.2465887069702149,-0.014247642638890607,0.7164052054286003,0.5626061608393987,-0.15379904458920157,18
-54.70190528918095,-3.616037887788843,forest,0.6855300640066465,0.1580944299045189,0.4705882370471954,0.8780971169471741,0.4075088798999787,0.8573634028434753,0.5375307202339172,-0.3198326826095581,-0.2553509473800659,-0.01848407895668693,0.8268990367650986,0.5441610912481943,-0.28273794551690423,18
-54.707755801112405,-3.67428229817496,forest,0.6207067010303339,0.14042558515239037,0.4126888215541839,0.8800773620605469,0.46738854050636297,0.8800773620605469,0.5492438077926636,-0.3308335542678833,-0.24984663724899292,-0.016124173027017824,0.738852858543396,0.5025605435172716,-0.23629231502612436,13
-54.67400032109722,-3.58483567898593,forest,0.6474290328721205,0.1599883895531365,0.1627260148525238,0.8434314131736755,0.6807053983211517,0.8181818127632141,0.5542542338371277,-0.2639275789260864,-0.5646282732486725,-0.007358244126257672,0.6988209510842959,0.5960371146599451,-0.10278383642435074,4
-54.67801346490704,-3.5778350899068063,forest,0.4793726143737634,0.08800710906241646,0.3465245962142944,0.6858271360397339,0.3393025398254395,0.5750965476036072,0.3465245962142944,-0.2285719513893128,-0.1377559900283813,-0.007934067365915879,0.5355394259095192,0.4232058028380076,-0.11233362307151157,23
-54.69074905292414,-3.630829894447842,forest,0.4643367752432823,0.05508774893310159,0.3501312434673309,0.5765153765678406,0.2263841331005097,0.5197092294692993,0.4856452047824859,-0.03406402468681341,-0.09087017178535467,-3.709712754124264e-05,0.46968187640110654,0.4589916740854581,-0.010690202315648434,18
-54.59186528167107,-3.5243370538212284,forest,0.6539445569117864,0.1373612351086581,0.5032617449760437,0.8641114830970764,0.3608497381210327,0.8641114830970764,0.5200307965278625,-0.34408068656921387,-0.0779341459274292,-0.018121247084244438,0.7757148991028467,0.532174214720726,-0.24354068438212073,18
-54.68559318369379,-3.5856968397309448,forest,0.488380145902435,0.17935652361859256,0.2134096473455429,0.8620689511299133,0.6486593037843704,0.8620689511299133,0.5018587112426758,-0.36021023988723755,-0.20581185817718506,-0.014354528000821239,0.5647849204639593,0.4119753713409106,-0.15280954912304873,9
-54.694367543221546,-3.689333071658514,forest,0.6490213473637899,0.14304264753412177,0.4425975978374481,0.8769651651382446,0.4343675673007965,0.8769651651382446,0.5487388968467712,-0.3282262682914734,-0.1879056692123413,-0.01496980102165883,0.7400648494561514,0.5579778452714285,-0.1820870041847229,18
-54.60242856372792,-3.6657993033527703,forest,0.6186151107152303,0.16972380351823402,0.3962264060974121,0.8828477263450623,0.48662132024765015,0.8674136400222778,0.5071621537208557,-0.3602514863014221,-0.43609714508056646,-0.016342031903888856,0.7541915675004324,0.48303865393002826,-0.2711529135704041,13
-54.664857495250615,-3.602590901324169,forest,0.6233664440611998,0.16511809302609723,0.3057280778884887,0.884082555770874,0.5783544778823853,0.8693923950195312,0.5260517001152039,-0.3433406949043274,-0.18597525358200073,-0.014573976747367663,0.68780451019605,0.5589283779263496,-0.1288761322697004,21
-54.71310568316418,-3.681088929867321,forest,0.69123733167847,0.12752049400553206,0.3697002530097961,0.907657027244568,0.537956774234772,0.907657027244568,0.5969868302345276,-0.3106701970100404,-0.4083011448383332,-0.012872507792452074,0.7697079951564471,0.6127666682004929,-0.1569413269559542,20
-54.68039739706578,-3.5095428184899364,forest,0.6134046129882336,0.16943688500248155,0.3556638360023498,0.8625954389572144,0.5069316029548645,0.8528852462768555,0.5053074359893799,-0.3475778102874756,-0.0816146731376648,-0.021104031969671665,0.7636014123757681,0.4632078136006991,-0.30039359877506894,18
-54.62697288200231,-3.623717954319419,forest,0.39670015561083954,0.1360462604297604,0.2043343633413314,0.5850727558135986,0.38073839247226726,0.4977973699569702,0.5624476075172424,0.06465023756027222,-0.134398028254509,0.01180693145031515,0.3051057892541091,0.48829452196757,0.18318873271346092,4
-54.74221783584516,-3.579945343721784,forest,0.67598524192969,0.1487872129805267,0.3629547357559204,0.8773946166038513,0.5144398808479309,0.8773946166038513,0.5193987488746643,-0.357995867729187,-0.18490678071975708,-0.019634259109911685,0.8067808598279953,0.5451896240313848,-0.2615912357966105,17
-54.59960989834565,-3.615282930341043,forest,0.6652606179316839,0.08742838998567352,0.5579227805137634,0.9018117785453796,0.3438889980316162,0.9018117785453796,0.6002242565155029,-0.3015875220298767,-0.3438889980316162,-0.006863475208697091,0.7028901626666387,0.6276310731967291,-0.07525908946990967,1
-54.69011770103669,-3.6905231532364806,forest,0.7018571756780148,0.12533415703887346,0.4815223515033722,0.8847333192825317,0.40321096777915955,0.8847333192825317,0.5762134790420532,-0.3085198402404785,-0.1798737645149231,-0.010538364273050556,0.7599409595131874,0.6437733918428421,-0.1161675676703453,6
-54.74504442496768,-3.613994686070896,forest,0.6178041224678358,0.1392237098006058,0.3899301588535309,0.8603945374488831,0.4704643785953522,0.8603945374488831,0.5146998167037964,-0.34569472074508667,-0.21818628907203674,-0.012286771639533648,0.6947373300790787,0.5408709148565928,-0.1538664152224859,6
-54.57333094585941,-3.651187444241362,forest,0.7022513672709465,0.09021814833171052,0.5434321761131287,0.8771127462387085,0.33368057012557983,0.8459416031837463,0.620314359664917,-0.22562724351882935,-0.09544003009796143,-0.011196871762690309,0.7733363956212997,0.6311663389205933,-0.14217005670070648,20
-54.63518889884364,-3.5631388360640477,forest,0.6675852263967196,0.15851130117447673,0.3855278789997101,0.878952145576477,0.49342426657676697,0.878952145576477,0.5483389496803284,-0.3306131958961487,-0.18847596645355225,-0.017840369291927505,0.8097358047962189,0.5254346479972204,-0.2843011567989985,14
-54.737834026499726,-3.669379924839325,forest,0.6850161602099737,0.1299819991729358,0.5207034349441528,0.8546231985092163,0.3339197635650635,0.8543910980224609,0.5510510802268982,-0.30334001779556274,-0.20575356483459473,-0.016244309414987956,0.7985525081555048,0.5714798122644424,-0.22707269589106238,16
-54.68374464131609,-3.565981365170286,forest,0.6953548155725002,0.14872210712200612,0.4363121688365936,0.9028236865997314,0.4665115177631379,0.8717406392097473,0.5426544547080994,-0.32908618450164795,-0.4036556780338288,-0.015115483182927844,0.7728088075915972,0.6179008235534033,-0.15490798403819395,7
-54.662192977554376,-3.553160986356351,forest,0.643468560030063,0.17231861789938469,0.2796101868152618,0.8725000023841858,0.592889815568924,0.8725000023841858,0.5344237089157104,-0.33807629346847534,-0.0724490880966186,-0.021097490308077435,0.792556514342626,0.49438060571750003,-0.29817590862512594,18
-54.57648042688536,-3.5483255446802913,forest,0.6331577356904745,0.23318140143277313,0.2341197878122329,0.8748137354850769,0.640693947672844,0.859966516494751,0.2341197878122329,-0.6258467286825181,-0.22859090566635132,-0.03042596729553263,0.8473598410685858,0.4189556303123633,-0.4284042107562224,23
-54.55155055853735,-3.54912778625367,forest,0.6662847275535265,0.1639635236669115,0.3712626993656158,0.8626686930656433,0.4914059937000275,0.8626686930656433,0.5181125998497009,-0.3445560932159424,-0.12755930423736572,-0.01949506267257358,0.8078796515862147,0.5246898035208384,-0.2831898480653763,18
-54.57956416099851,-3.533526728307,forest,0.5917601361870766,0.10871055630778051,0.4173669517040252,0.796218991279602,0.37885203957557684,0.7663386464118958,0.5282014608383179,-0.23813718557357788,-0.2477230429649353,-0.01062424099963642,0.673024112979571,0.5104961593945821,-0.16252795358498884,14
-54.60394684754399,-3.539639636668822,forest,0.6265599305431048,0.15794535818721628,0.4468971192836761,0.8709447383880615,0.42404761910438543,0.8709447383880615,0.5289367437362671,-0.34200799465179443,-0.09219992160797119,-0.020366672225620427,0.7654784123102824,0.48764144877592724,-0.2778369635343551,17
-54.56306335442652,-3.6049585242947417,forest,0.6584106907248497,0.1425813247579777,0.4390751421451568,0.888161838054657,0.4490866959095002,0.888161838054657,0.5356037020683289,-0.3525581359863281,-0.11355236172676092,-0.01894286375978715,0.7810726861159006,0.5357486953337988,-0.24532399078210188,16
-54.62234259521749,-3.5970120556854455,forest,0.6420882766445478,0.12931328608130352,0.4101896584033966,0.8964803218841553,0.48629066348075867,0.8964803218841553,0.5542522072792053,-0.34222811460494995,-0.16337642073631287,-0.016517529824505665,0.7433368563652039,0.5408396969238917,-0.2024971594413122,16
-54.57979260256158,-3.6137280794256985,forest,0.6592003355423609,0.15011320960157598,0.3940760791301727,0.8721590638160706,0.4780829846858979,0.8721590638160706,0.5294573903083801,-0.34270167350769043,-0.1143912672996521,-0.018272294350292363,0.7838131338357925,0.5345875372489294,-0.24922559658686316,17
-54.58605464577105,-3.540129084988572,forest,0.6974606824417909,0.16195684284056805,0.3356663882732391,0.9041855931282043,0.5685192048549652,0.9041855931282043,0.6000000238418579,-0.30418556928634644,-0.2322265803813935,-0.01771284972843913,0.8405962437391281,0.5543251211444536,-0.28627112259467447,14
-54.55762277972628,-3.650215860148516,forest,0.6691628843545914,0.1462449883144255,0.4367737472057342,0.8695368766784668,0.4327631294727326,0.8695368766784668,0.5028948187828064,-0.3666420578956604,-0.08372214436531072,-0.019024517095607242,0.7962464839220047,0.542079284787178,-0.25416719913482666,20
-54.60807609802281,-3.548616100470503,forest,0.6415458209812641,0.18123236495680212,0.2225687503814697,0.9031625986099244,0.6805938482284547,0.8847681879997253,0.5074207782745361,-0.3773474097251892,-0.6805938482284547,-0.01536304407793541,0.7650214085976282,0.5180702333649,-0.24695117523272825,3
-54.56274430143906,-3.5186195163888936,forest,0.62212007244428,0.1627907208801015,0.3435114622116089,0.8743031024932861,0.5307916402816772,0.8743031024932861,0.4684077501296997,-0.4058953523635864,-0.1905037760734558,-0.021559317915335944,0.7632068395614624,0.4810333053270976,-0.2821735342343648,16
-54.635294827658306,-3.584169362827204,forest,0.6461456368366877,0.13465535094595096,0.4971833825111389,0.8547008633613586,0.3575174808502197,0.8547008633613586,0.5225048661231995,-0.3321959972381592,-0.28523963689804077,-0.015502660119015212,0.766038844982783,0.5262524286905924,-0.23978641629219055,18
-54.71654175431915,-3.505007459515246,forest,0.6577148387829462,0.155802940734644,0.3288925886154175,0.8668146729469299,0.5379220843315125,0.8621821403503418,0.5755258202552795,-0.28665632009506226,-0.1299334168434143,-0.01991206314252766,0.7922201255957285,0.5232095519701639,-0.2690105736255646,21
-54.69899650745931,-3.555052756309742,forest,0.6614268658061823,0.17567064452904002,0.3313531279563904,0.8675577044487,0.5362045764923096,0.8675577044487,0.5143974423408508,-0.3531602621078491,-0.1213650107383728,-0.022353600121062706,0.8164051175117493,0.5064486141006151,-0.3099565034111341,20
-54.59084099903894,-3.611756899077724,forest,0.6549459037681421,0.15188258068469065,0.3777649998664856,0.8553836345672607,0.47761863470077515,0.8507881164550781,0.5081565976142883,-0.3426315188407898,-0.34880679845809937,-0.017896071218925964,0.7740418116251627,0.5358499959111214,-0.23819181571404136,20
-54.707761255994185,-3.6622079231560623,forest,0.6797965665658315,0.13118156499288372,0.5294458866119385,0.8706896305084229,0.3412437438964844,0.8703403472900391,0.5495428442955017,-0.32079750299453735,-0.1522895097732544,-0.0140037857967874,0.7677081326643626,0.5918850004673004,-0.17582313219706214,6
-54.57870079981968,-3.597848702650297,forest,0.7062085072199503,0.11866366895750509,0.5364332795143127,0.917479395866394,0.3810461163520813,0.917479395866394,0.5920940637588501,-0.32538533210754395,-0.2533249855041504,-0.01116793394088743,0.7667573392391205,0.6456596752007803,-0.12109766403834021,18
-54.69996578943899,-3.5247210498498243,forest,0.6476799696683884,0.1588518522923341,0.3652143180370331,0.8919318914413452,0.5267175734043121,0.8795554637908936,0.549360454082489,-0.33019500970840454,-0.06931734085083008,-0.019831587983214313,0.7834228277206421,0.5119371116161346,-0.27148571610450745,18
-54.68808564279401,-3.659945833981971,forest,0.6677506640553474,0.15215042294756453,0.3317563533782959,0.8935852646827698,0.5618289113044739,0.8935852646827698,0.567243218421936,-0.32634204626083374,-0.1385713815689087,-0.018323011320570206,0.7983626772960027,0.5371386508146921,-0.2612240264813106,16
-54.65985248243634,-3.5497375710793713,forest,0.607780821621418,0.06724100022213567,0.4550880193710327,0.7344173192977905,0.2793292999267578,0.7344173192977905,0.5290746688842773,-0.20534265041351318,-0.26840323209762573,-0.0066435721905335025,0.6493724485238394,0.5661891947189966,-0.0831832538048427,3
-54.65707948256139,-3.631236806215126,forest,0.6247854779163996,0.15411736572224197,0.4103048145771026,0.8738601803779602,0.4635553658008576,0.8170121312141418,0.5796676278114319,-0.23734450340270996,-0.11666375398635864,-0.017382622620333778,0.7446443289518356,0.5049266268809637,-0.23971770207087195,13
-54.69766901687341,-3.644370650906006,forest,0.5422495144108931,0.12023439311474747,0.370609313249588,0.7650695443153381,0.3944602310657501,0.742553174495697,0.4250467419624328,-0.3175064325332642,-0.1154847145080567,-0.012545915103476964,0.6198450177907944,0.46465401103099185,-0.15519100675980252,15
-54.552364715088565,-3.634616108961555,forest,0.6315701132019361,0.15575577968300655,0.4026236236095428,0.8991957306861877,0.49657210707664495,0.8991957306861877,0.5345268249511719,-0.36466890573501587,-0.3531543016433716,-0.018803140546964546,0.758181224266688,0.5049590021371841,-0.25322222212950385,18
-54.7323219529165,-3.650261923842427,forest,0.5545410551130772,0.06569898253644657,0.4461256265640259,0.672457754611969,0.22633212804794312,0.6642686128616333,0.4900449514389038,-0.1742236614227295,-0.19844204187393188,-0.00477038879757342,0.5942119161287943,0.51487019409736,-0.0793417220314343,3
-54.73831712408908,-3.541994046167217,forest,0.6633761810759703,0.13574004129790407,0.440238207578659,0.861892580986023,0.42165437340736395,0.861892580986023,0.5256167054176331,-0.3362758755683899,-0.09391114115715032,-0.018414179229218015,0.7835521101951599,0.5432002519567808,-0.24035185823837912,18
-54.64748941749178,-3.63260267622664,forest,0.5887231640517712,0.16460785713243384,0.3396908938884735,0.8779121041297913,0.5382212102413177,0.8768695592880249,0.4200815558433532,-0.4567880034446717,-0.16269344091415405,-0.01913158524295556,0.7062571148077647,0.4711892132957776,-0.23506790151198703,14
-54.617590079073686,-3.573870694809936,forest,0.6291918319960436,0.18360287741562278,0.3954176008701324,0.8695651888847351,0.4741475880146027,0.8253189325332642,0.4650670289993286,-0.36025190353393555,-0.17427298426628118,-0.02320791028116055,0.8037609159946442,0.4546227479974429,-0.34913816799720127,13
-54.56202558215448,-3.507747896650324,forest,0.6238039446373781,0.15549983711500057,0.3032618761062622,0.873349130153656,0.5700872540473938,0.873349130153656,0.538996160030365,-0.334352970123291,-0.24884545803070068,-0.017129503112772223,0.757137288649877,0.4904706006248792,-0.26666668802499777,18
-54.59151497993296,-3.60173929346002,forest,0.6066422872245312,0.1652139099487785,0.3602929413318634,0.8636363744735718,0.5033434331417084,0.8370468616485596,0.5,-0.33704686164855957,-0.06566184759140015,-0.020829072400279654,0.7533827622731527,0.4599018121759097,-0.293480950097243,16
-54.60910834239331,-3.684348198463286,forest,0.6641349606215954,0.1609508555883035,0.4140956699848175,0.8882352709770203,0.47413960099220276,0.8882352709770203,0.5661141872406006,-0.3221210837364197,-0.21047058701515198,-0.01831648055625995,0.8103270679712296,0.5179428532719612,-0.29238421469926834,13
-54.59839578336994,-3.5076333985615267,forest,0.6183382434149584,0.14942549871534824,0.3142501413822174,0.872529923915863,0.5582797825336456,0.872529923915863,0.5474178194999695,-0.32511210441589355,-0.10453581809997559,-0.01870207103698149,0.7432505389054617,0.493425947924455,-0.24982459098100668,18
-54.73300504937485,-3.532776843081629,forest,0.6553825015823046,0.09718104070634691,0.4456683397293091,0.816707193851471,0.37103885412216187,0.816707193851471,0.5805635452270508,-0.23614364862442017,-0.06751370429992676,-0.01188041477099708,0.7402381201585134,0.5705268830060959,-0.16971123715241754,18
-54.563403994670146,-3.654762222039588,forest,0.6913315306107203,0.13552610429051823,0.4610435962677002,0.903930127620697,0.4428865313529968,0.887713611125946,0.5866593718528748,-0.3010542392730713,-0.16442126035690308,-0.01602367525515346,0.8009254684050878,0.5817375928163528,-0.21918787558873498,15
-54.64503776247816,-3.5144283549074022,forest,0.6305734254419804,0.14865247713880034,0.4651480615139007,0.901763916015625,0.4366158545017243,0.901763916015625,0.4922279715538025,-0.4095359444618225,-0.0733141303062439,-0.01966239832017732,0.7563787599404653,0.5047680909434954,-0.25161066899696993,19
-54.557954799095405,-3.674423523129537,forest,0.5339797499279181,0.12751481299767325,0.1785013675689697,0.7862301468849182,0.6077287793159485,0.6314998269081116,0.4674832224845886,-0.16401660442352295,-0.1529216468334198,-0.002438112484372174,0.5799569139877955,0.48800258586804074,-0.09195432811975474,15
-54.68019915488891,-3.5603710717698287,forest,0.6715918183326721,0.15633928629785668,0.3893129825592041,0.8737584352493286,0.4844454526901245,0.8737584352493286,0.5334810018539429,-0.34027743339538574,-0.16266262531280518,-0.01943210404852162,0.8151832669973373,0.5280003696680069,-0.28718289732933044,18
-54.705688300122816,-3.635045874273104,forest,0.46147047573079664,0.15160088764578042,0.0812767371535301,0.8846572637557983,0.8033805266022682,0.8846572637557983,0.4729145765304565,-0.41174268722534185,-0.22985297441482544,-0.0032288633578497297,0.4988268315792084,0.42411411988238495,-0.07471271169682342,15
-54.74534178799906,-3.66929566381376,forest,0.6284937063852946,0.17633166866182878,0.3610089421272278,0.8407079577445984,0.4796990156173706,0.8216060400009155,0.4658726453781128,-0.35573339462280273,-0.15190613269805908,-0.021710266341333773,0.7897584935029348,0.4672289192676544,-0.3225295742352804,18
-54.63753410111645,-3.5693819867391636,forest,0.6215854982535044,0.10566592443496156,0.3499054312705993,0.8367170691490173,0.486811637878418,0.7333655953407288,0.608416736125946,-0.12494885921478271,-0.1622705459594727,-0.003758455929548836,0.6777289460102717,0.5654420504967371,-0.11228689551353455,14
-54.62021763378083,-3.544327905844357,forest,0.5977259799838066,0.1653559834538724,0.3954629004001617,0.8624113202095032,0.4669484198093415,0.8624113202095032,0.4946886003017425,-0.3677227199077607,-0.08858364820480347,-0.02046047703079552,0.738460530837377,0.4569914291302363,-0.2814691017071406,18
-54.66694371725224,-3.645301856751769,forest,0.6010622618099054,0.14151574790039295,0.3719764649868011,0.7983413338661194,0.4263648688793183,0.7983413338661194,0.498238742351532,-0.3001025915145874,-0.11664971709251404,-0.017210188546906324,0.732148473461469,0.4699760501583417,-0.26217242330312734,18
-54.74688385999149,-3.658674034789523,forest,0.5065248732765516,0.148163867651499,0.2058010995388031,0.8775988221168518,0.6717977225780487,0.8775988221168518,0.5953673720359802,-0.2822314500808716,-0.2155253291130066,-0.0016462603600128818,0.4797765339414279,0.5332732126116753,0.05349667867024738,9
-54.68752243755959,-3.664358628703907,forest,0.657552607357502,0.15023127862887095,0.475955069065094,0.8755980730056763,0.3996430039405823,0.8755980730056763,0.5369380116462708,-0.3386600613594055,-0.11227548122406006,-0.01958619255086649,0.79947862525781,0.515626589457194,-0.283852035800616,19
-54.74597110570068,-3.668510478266962,forest,0.6525374067326387,0.19217460273560746,0.3507356345653534,0.8792043328285217,0.5284686982631683,0.8690606355667114,0.6397090554237366,-0.22935158014297485,-0.25815150141716003,-0.019202697056791028,0.821959376335144,0.48311543713013333,-0.3388439392050107,13
-54.616780089286486,-3.574082916705481,forest,0.6076105820635954,0.1612397773992071,0.3312731683254242,0.8964577913284302,0.565184623003006,0.8964577913284302,0.56020188331604,-0.33625590801239014,-0.20337405800819397,-0.014713440654070448,0.7109993820389112,0.5042217820882797,-0.2067775999506315,13
-54.56286327212039,-3.540366341720538,forest,0.6900417891641458,0.14736574395212024,0.4438152015209198,0.8714733719825745,0.42765817046165466,0.870267391204834,0.5470775961875916,-0.32318979501724243,-0.10406476259231567,-0.018200493623381053,0.8217558165391287,0.558327761789163,-0.26342805474996567,15
-54.63644877663176,-3.672488730501358,forest,0.6350119958321253,0.12313574050037822,0.3818361759185791,0.845678985118866,0.46384280920028687,0.845678985118866,0.6026833653450012,-0.24299561977386475,-0.08727473020553589,-0.013058273222135434,0.7267039765914282,0.5433200150728226,-0.1833839615186056,16
-54.637185636214966,-3.687680987817164,forest,0.6968362381060919,0.14694559322101644,0.462434709072113,0.8907994031906128,0.4283646941184998,0.8907994031906128,0.5461801886558533,-0.3446192145347595,-0.23510116338729858,-0.017409572756808742,0.8156162748734156,0.578056201338768,-0.2375600735346476,17
-54.66382302051783,-3.621948274210561,forest,0.6066791949172815,0.09259868690639426,0.4279705584049225,0.7725663781166077,0.3445958197116852,0.7346938848495483,0.4830659627914428,-0.2516279220581055,-0.17229792475700378,-0.009268592012965144,0.6846252580483755,0.5287331317861875,-0.15589212626218796,13
-54.66443723812741,-3.644034816321043,forest,0.5946616493165493,0.12409220341161584,0.3992447555065155,0.8551005721092224,0.4558558166027069,0.8112108707427979,0.5940911769866943,-0.21711969375610352,-0.145685613155365,-0.009841464097085204,0.6602304726839066,0.529092825949192,-0.1311376467347145,16
-54.61283391047523,-3.531811106540244,forest,0.6087916009128094,0.14910097590034424,0.4505300223827362,0.8741761445999146,0.42364612221717834,0.8741761445999146,0.4617659449577331,-0.41241019964218145,-0.072296142578125,-0.020065224313217646,0.7356675018866857,0.4819156999389331,-0.25375180194775265,21
-54.596296601480205,-3.574449580841824,forest,0.6098602476219336,0.17219378198565305,0.3582342863082886,0.8730350732803345,0.5148007869720459,0.8675540685653687,0.5135560035705566,-0.353998064994812,-0.22230327129364014,-0.017625850996245473,0.7267846117417017,0.4929358835021655,-0.23384872823953623,8
-54.6423310401334,-3.6937831639983942,forest,0.6282960611085097,0.1269238580138147,0.4434747397899627,0.8624754548072815,0.4190007150173188,0.8624754548072815,0.4819802045822143,-0.3804952502250672,-0.1234009861946106,-0.01698181239159209,0.739023412267367,0.5175687099496523,-0.2214547023177147,18
-54.605413200261616,-3.5910034120843006,forest,0.46288130680720013,0.170733083762769,0.2772608995437622,0.8280718922615051,0.5508109927177429,0.8280718922615051,0.4767895936965942,-0.35128229856491094,-0.27637651562690735,-0.010659661811331034,0.5086945643027624,0.4170680493116379,-0.09162651499112451,14
-54.69585178986722,-3.634431592229312,forest,0.6592229008674622,0.08308505273066136,0.5365813374519348,0.8176291584968567,0.2810478210449219,0.7746555209159851,0.5365813374519348,-0.2380741834640503,-0.08872443437576294,-0.00865380281987396,0.7181534022092819,0.6002923995256424,-0.11786100268363953,23
-54.562878642706046,-3.5751275509765548,forest,0.6675743361314138,0.14894325591352323,0.4544164538383484,0.8947930335998535,0.4403765797615051,0.8847957253456116,0.5242603421211243,-0.3605353832244873,-0.10670775175094604,-0.019784146236336755,0.794348935286204,0.5407997369766235,-0.25354919830958045,20
-54.654817513068494,-3.5758156520583184,forest,0.7193152420222759,0.1521115128728435,0.4892662465572357,0.8841784596443176,0.3949122130870819,0.8841784596443176,0.5195801258087158,-0.3645983338356018,-0.1288401484489441,-0.019130856511385547,0.8466320236523946,0.5919984603921572,-0.25463356326023745,18
-54.691938148658465,-3.6120293398816714,forest,0.635926945755879,0.14736338536014731,0.407315045595169,0.855189859867096,0.44787481427192694,0.8396071791648865,0.5181544423103333,-0.3214527368545532,-0.14072412252426147,-0.01707995237215702,0.7563169995943705,0.5155368919173876,-0.24078010767698288,18
-54.612881553512416,-3.6920116149827065,forest,0.679798091451327,0.1774208729729008,0.4596211314201355,0.906876802444458,0.4472556710243225,0.906876802444458,0.5016181468963623,-0.4052586555480957,-0.18883627653121948,-0.021593241950739944,0.8473342259724935,0.5122619569301605,-0.335072269042333,17
-54.59099451854077,-3.6434040918277377,forest,0.6633917825917403,0.15020352491648098,0.4102964103221893,0.886468231678009,0.47617182135581976,0.8853161931037903,0.5783258080482483,-0.306990385055542,-0.14087027311325073,-0.018378944124864467,0.801220898826917,0.5255626663565636,-0.2756582324703535,15
-54.613488041313495,-3.571454937063988,forest,0.5936204666892687,0.1371804290023167,0.3107409477233886,0.890342652797699,0.5796017050743103,0.890342652797699,0.5269551873207092,-0.36338746547698975,-0.21840953826904297,-0.01510957028554832,0.6921429485082626,0.49509798487027484,-0.1970449636379878,18
-54.61947439017174,-3.5783742167488395,forest,0.6332371036211649,0.12967943310779495,0.4799064397811889,0.866008460521698,0.3861020207405091,0.866008460521698,0.536048948764801,-0.329959511756897,-0.24687182903289795,-0.015809516077456252,0.7409472763538361,0.5255269308884939,-0.21542034546534217,18
